SMILES,SMILES_state,Warheads,Linker,NLL
CCC(=O)Nc1cc(N2CC3CCC(C2)N3c2cccc3c2C(=O)N(C2CCC(=O)NC2=O)C3=O)cc(C)c1Nc1ncc2cc(-c3c(Cl)c(OC)cc(OC)c3Cl)ccc2n1,1,*c1cc(C)c(Nc2ncc3cc(-c4c(Cl)c(OC)cc(OC)c4Cl)ccc3n2)c(NC(=O)CC)c1|*c1cccc2c1C(=O)N(C1CCC(=O)NC1=O)C2=O,[*]N1CC2CCC(C1)N2[*],7.68
CCC(=O)Nc1cc(C2C3CCC2C(Nc2cccc4c2C(=O)N(C2CCC(=O)NC2=O)C4=O)C3)cc(C)c1Nc1ncc2cc(-c3c(Cl)c(OC)cc(OC)c3Cl)ccc2n1,1,*c1cc(C)c(Nc2ncc3cc(-c4c(Cl)c(OC)cc(OC)c4Cl)ccc3n2)c(NC(=O)CC)c1|*c1cccc2c1C(=O)N(C1CCC(=O)NC1=O)C2=O,[*]C1C2CCC1C(N[*])C2,7.77
CCC(=O)Nc1cc(N2CC3CC(O)C(C2)N3c2cccc3c2C(=O)N(C2CCC(=O)NC2=O)C3=O)cc(C)c1Nc1ncc2cc(-c3c(Cl)c(OC)cc(OC)c3Cl)ccc2n1,1,*c1cc(C)c(Nc2ncc3cc(-c4c(Cl)c(OC)cc(OC)c4Cl)ccc3n2)c(NC(=O)CC)c1|*c1cccc2c1C(=O)N(C1CCC(=O)NC1=O)C2=O,[*]N1CC2CC(O)C(C1)N2[*],7.21
CCC(=O)Nc1cc(C2(CO)CCC(N3CC(CCc4cccc5c4C(=O)N(C4CCC(=O)NC4=O)C5=O)C3)CC2)cc(C)c1Nc1ncc2cc(-c3c(Cl)c(OC)cc(OC)c3Cl)ccc2n1,1,*c1cc(C)c(Nc2ncc3cc(-c4c(Cl)c(OC)cc(OC)c4Cl)ccc3n2)c(NC(=O)CC)c1|*c1cccc2c1C(=O)N(C1CCC(=O)NC1=O)C2=O,[*]C1(CO)CCC(N2CC(CC[*])C2)CC1,13.99
CCC(=O)Nc1cc(C2CC(OC3CCN(c4cccc5c4C(=O)N(C4CCC(=O)NC4=O)C5=O)CC3)C2)cc(C)c1Nc1ncc2cc(-c3c(Cl)c(OC)cc(OC)c3Cl)ccc2n1,1,*c1cc(C)c(Nc2ncc3cc(-c4c(Cl)c(OC)cc(OC)c4Cl)ccc3n2)c(NC(=O)CC)c1|*c1cccc2c1C(=O)N(C1CCC(=O)NC1=O)C2=O,[*]C1CC(OC2CCN([*])CC2)C1,8.08
CCC(=O)Nc1cc(C2(C3CCC(Nc4cccc5c4C(=O)N(C4CCC(=O)NC4=O)C5=O)CC3)CC2)cc(C)c1Nc1ncc2cc(-c3c(Cl)c(OC)cc(OC)c3Cl)ccc2n1,1,*c1cc(C)c(Nc2ncc3cc(-c4c(Cl)c(OC)cc(OC)c4Cl)ccc3n2)c(NC(=O)CC)c1|*c1cccc2c1C(=O)N(C1CCC(=O)NC1=O)C2=O,[*]C1(C2CCC(N[*])CC2)CC1,6.03
CCC(=O)Nc1cc(C2(C3CC(N4CCC(N5CCC(Nc6cccc7c6C(=O)N(C6CCC(=O)NC6=O)C7=O)CC5)CC4)C3)CC2)cc(C)c1Nc1ncc2cc(-c3c(Cl)c(OC)cc(OC)c3Cl)ccc2n1,1,*c1cc(C)c(Nc2ncc3cc(-c4c(Cl)c(OC)cc(OC)c4Cl)ccc3n2)c(NC(=O)CC)c1|*c1cccc2c1C(=O)N(C1CCC(=O)NC1=O)C2=O,[*]C1(C2CC(N3CCC(N4CCC(N[*])CC4)CC3)C2)CC1,15.15
CCC(=O)Nc1cc(C2CCC(NC3CC4(C3)CN(c3cccc5c3C(=O)N(C3CCC(=O)NC3=O)C5=O)C4)CC2)cc(C)c1Nc1ncc2cc(-c3c(Cl)c(OC)cc(OC)c3Cl)ccc2n1,1,*c1cc(C)c(Nc2ncc3cc(-c4c(Cl)c(OC)cc(OC)c4Cl)ccc3n2)c(NC(=O)CC)c1|*c1cccc2c1C(=O)N(C1CCC(=O)NC1=O)C2=O,[*]C1CCC(NC2CC3(C2)CN([*])C3)CC1,10.16
CCC(=O)Nc1cc(N2CC3CC2CN3C2CC(OC3CCN(CC4CCN(c5cccc6c5C(=O)N(C5CCC(=O)NC5=O)C6=O)CC4)CC3)C2)cc(C)c1Nc1ncc2cc(-c3c(Cl)c(OC)cc(OC)c3Cl)ccc2n1,1,*c1cc(C)c(Nc2ncc3cc(-c4c(Cl)c(OC)cc(OC)c4Cl)ccc3n2)c(NC(=O)CC)c1|*c1cccc2c1C(=O)N(C1CCC(=O)NC1=O)C2=O,[*]N1CC2CC1CN2C1CC(OC2CCN(CC3CCN([*])CC3)CC2)C1,22.79
CCC(=O)Nc1cc(C2CC3(C2)CN(C2CCN(CC4CN(c5cccc6c5C(=O)N(C5CCC(=O)NC5=O)C6=O)C4)CC2)C3)cc(C)c1Nc1ncc2cc(-c3c(Cl)c(OC)cc(OC)c3Cl)ccc2n1,1,*c1cc(C)c(Nc2ncc3cc(-c4c(Cl)c(OC)cc(OC)c4Cl)ccc3n2)c(NC(=O)CC)c1|*c1cccc2c1C(=O)N(C1CCC(=O)NC1=O)C2=O,[*]C1CC2(C1)CN(C1CCN(CC3CN([*])C3)CC1)C2,10.48
CCC(=O)Nc5cc(N4CCN(c2cccc3c(=O)n(C1CCC(=O)NC1=O)c(=O)c23)C(F)C4)cc(C)c5Nc8ncc7cc(c6c(Cl)c(OC)cc(OC)c6Cl)ccc7n8,1,*c1cc(C)c(Nc2ncc3cc(-c4c(Cl)c(OC)cc(OC)c4Cl)ccc3n2)c(NC(=O)CC)c1|*c1cccc2c1C(=O)N(C1CCC(=O)NC1=O)C2=O,[*]N1CC(F)N([*])CC1,7.33
CCC(=O)Nc1cc(C2(C3CCN(c4cccc5c4C(=O)N(C4CCC(=O)NC4=O)C5=O)CC3)CC2)cc(C)c1Nc1ncc2cc(-c3c(Cl)c(OC)cc(OC)c3Cl)ccc2n1,1,*c1cc(C)c(Nc2ncc3cc(-c4c(Cl)c(OC)cc(OC)c4Cl)ccc3n2)c(NC(=O)CC)c1|*c1cccc2c1C(=O)N(C1CCC(=O)NC1=O)C2=O,[*]C1(C2CCN([*])CC2)CC1,5.15
CCC(=O)Nc1cc(C2C[C@@H]3C[C@H]2CN3c2cccc3c2C(=O)N(C2CCC(=O)NC2=O)C3=O)cc(C)c1Nc1ncc2cc(-c3c(Cl)c(OC)cc(OC)c3Cl)ccc2n1,1,*c1cc(C)c(Nc2ncc3cc(-c4c(Cl)c(OC)cc(OC)c4Cl)ccc3n2)c(NC(=O)CC)c1|*c1cccc2c1C(=O)N(C1CCC(=O)NC1=O)C2=O,[*]C1C[C@@H]2C[C@H]1CN2[*],8.07
CCC(=O)Nc1cc(C2CC3CC(CNc4cccc5c4C(=O)N(C4CCC(=O)NC4=O)C5=O)(C3)C2)cc(C)c1Nc1ncc2cc(-c3c(Cl)c(OC)cc(OC)c3Cl)ccc2n1,1,*c1cc(C)c(Nc2ncc3cc(-c4c(Cl)c(OC)cc(OC)c4Cl)ccc3n2)c(NC(=O)CC)c1|*c1cccc2c1C(=O)N(C1CCC(=O)NC1=O)C2=O,[*]C1CC2CC(CN[*])(C1)C2,10.67
CCC(=O)Nc1cc(C2CC3(CCN(CC4CN(c5cccc6c5C(=O)N(C5CCC(=O)NC5=O)C6=O)C4)CC3)C2)cc(C)c1Nc1ncc2cc(-c3c(Cl)c(OC)cc(OC)c3Cl)ccc2n1,1,*c1cc(C)c(Nc2ncc3cc(-c4c(Cl)c(OC)cc(OC)c4Cl)ccc3n2)c(NC(=O)CC)c1|*c1cccc2c1C(=O)N(C1CCC(=O)NC1=O)C2=O,[*]C1CC2(CCN(CC3CN([*])C3)CC2)C1,9.07
CCC(=O)Nc1cc(N2CCN(c3cccc4c3C(=O)N(C3CCC(=O)NC3=O)C4=O)CC2)cc(C)c1Nc1ncc2cc(-c3c(Cl)c(OC)cc(OC)c3Cl)ccc2n1,1,*c1cc(C)c(Nc2ncc3cc(-c4c(Cl)c(OC)cc(OC)c4Cl)ccc3n2)c(NC(=O)CC)c1|*c1cccc2c1C(=O)N(C1CCC(=O)NC1=O)C2=O,[*]N1CCN([*])CC1,6.95
CCC(=O)Nc1cc(C2(C3(O)CCN(c4cccc5c4C(=O)N(C4CCC(=O)NC4=O)C5=O)CC3)CC2)cc(C)c1Nc1ncc2cc(-c3c(Cl)c(OC)cc(OC)c3Cl)ccc2n1,1,*c1cc(C)c(Nc2ncc3cc(-c4c(Cl)c(OC)cc(OC)c4Cl)ccc3n2)c(NC(=O)CC)c1|*c1cccc2c1C(=O)N(C1CCC(=O)NC1=O)C2=O,[*]C1(C2(O)CCN([*])CC2)CC1,6.31
CCC(=O)Nc1cc(C2CN(C3CCN(c4cccc5c4C(=O)N(C4CCC(=O)NC4=O)C5=O)C(C)C3)C2)cc(C)c1Nc1ncc2cc(-c3c(Cl)c(OC)cc(OC)c3Cl)ccc2n1,1,*c1cc(C)c(Nc2ncc3cc(-c4c(Cl)c(OC)cc(OC)c4Cl)ccc3n2)c(NC(=O)CC)c1|*c1cccc2c1C(=O)N(C1CCC(=O)NC1=O)C2=O,[*]C1CN(C2CCN([*])C(C)C2)C1,13.39
CCC(=O)Nc1cc(C2(C3CCN(c4cccc5c4C(=O)N(C4CCC(=O)NC4=O)C5=O)CC3)CCC2)cc(C)c1Nc1ncc2cc(-c3c(Cl)c(OC)cc(OC)c3Cl)ccc2n1,1,*c1cc(C)c(Nc2ncc3cc(-c4c(Cl)c(OC)cc(OC)c4Cl)ccc3n2)c(NC(=O)CC)c1|*c1cccc2c1C(=O)N(C1CCC(=O)NC1=O)C2=O,[*]C1(C2CCN([*])CC2)CCC1,5.69
CCC(=O)Nc1cc(C2CC3(C2)CN(CC2CCCN(c4cccc5c4C(=O)N(C4CCC(=O)NC4=O)C5=O)C2)C3)cc(C)c1Nc1ncc2cc(-c3c(Cl)c(OC)cc(OC)c3Cl)ccc2n1,1,*c1cc(C)c(Nc2ncc3cc(-c4c(Cl)c(OC)cc(OC)c4Cl)ccc3n2)c(NC(=O)CC)c1|*c1cccc2c1C(=O)N(C1CCC(=O)NC1=O)C2=O,[*]C1CC2(C1)CN(CC1CCCN([*])C1)C2,10.21
CCC(=O)Nc1cc(C2(CN3CCN(C4CCN(c5cccc6c5C(=O)N(C5CCC(=O)NC5=O)C6=O)CC4)CC3)CC2)cc(C)c1Nc1ncc2cc(-c3c(Cl)c(OC)cc(OC)c3Cl)ccc2n1,1,*c1cc(C)c(Nc2ncc3cc(-c4c(Cl)c(OC)cc(OC)c4Cl)ccc3n2)c(NC(=O)CC)c1|*c1cccc2c1C(=O)N(C1CCC(=O)NC1=O)C2=O,[*]C1(CN2CCN(C3CCN([*])CC3)CC2)CC1,11.26
CCC(=O)Nc6cc(N5CCN(CC4CN(c2cccc3c(=O)n(C1CCC(=O)NC1=O)c(=O)c23)C4)CC5)cc(C)c6Nc9ncc8cc(c7c(Cl)c(OC)cc(OC)c7Cl)ccc8n9,1,*c1cc(C)c(Nc2ncc3cc(-c4c(Cl)c(OC)cc(OC)c4Cl)ccc3n2)c(NC(=O)CC)c1|*c1cccc2c1C(=O)N(C1CCC(=O)NC1=O)C2=O,[*]N2CCN(CC1CN([*])C1)CC2,4.62
CCC(=O)Nc1cc(C2CCC(N3CCn4c(nnc4C4CCC(Nc5cccc6c5C(=O)N(C5CCC(=O)NC5=O)C6=O)CC4)C3)CC2)cc(C)c1Nc1ncc2cc(-c3c(Cl)c(OC)cc(OC)c3Cl)ccc2n1,1,*c1cc(C)c(Nc2ncc3cc(-c4c(Cl)c(OC)cc(OC)c4Cl)ccc3n2)c(NC(=O)CC)c1|*c1cccc2c1C(=O)N(C1CCC(=O)NC1=O)C2=O,[*]C1CCC(N2CCn3c(nnc3C3CCC(N[*])CC3)C2)CC1,15.59
CCC(=O)Nc1cc(C2CCC(N3CCC4(CC3)CC(CN(C)C(C)C3CCN(c5cccc6c5C(=O)N(C5CCC(=O)NC5=O)C6=O)C3)C4)CC2)cc(C)c1Nc1ncc2cc(-c3c(Cl)c(OC)cc(OC)c3Cl)ccc2n1,1,*c1cc(C)c(Nc2ncc3cc(-c4c(Cl)c(OC)cc(OC)c4Cl)ccc3n2)c(NC(=O)CC)c1|*c1cccc2c1C(=O)N(C1CCC(=O)NC1=O)C2=O,[*]C1CCC(N2CCC3(CC2)CC(CN(C)C(C)C2CCN([*])C2)C3)CC1,22.11
CCC(=O)Nc6cc(N5CCN(CC4CCN(c2cccc3c(=O)n(C1CCC(=O)NC1=O)c(=O)c23)C(Cl)C4)CC5)cc(C)c6Nc9ncc8cc(c7c(Cl)c(OC)cc(OC)c7Cl)ccc8n9,1,*c1cc(C)c(Nc2ncc3cc(-c4c(Cl)c(OC)cc(OC)c4Cl)ccc3n2)c(NC(=O)CC)c1|*c1cccc2c1C(=O)N(C1CCC(=O)NC1=O)C2=O,[*]N2CCN(CC1CCN([*])C(Cl)C1)CC2,5.65
CCC(=O)Nc1cc(C2CCC3(CC2)CN(c2cccc4c2C(=O)N(C2CCC(=O)NC2=O)C4=O)C3)cc(C)c1Nc1ncc2cc(-c3c(Cl)c(OC)cc(OC)c3Cl)ccc2n1,1,*c1cc(C)c(Nc2ncc3cc(-c4c(Cl)c(OC)cc(OC)c4Cl)ccc3n2)c(NC(=O)CC)c1|*c1cccc2c1C(=O)N(C1CCC(=O)NC1=O)C2=O,[*]C1CCC2(CC1)CN([*])C2,3.6
CCC(=O)Nc1cc(C2(C3CCN(c4cccc5c4C(=O)N(C4CCC(=O)NC4=O)C5=O)C3)CCC(OC(C)(C)C)CC2)cc(C)c1Nc1ncc2cc(-c3c(Cl)c(OC)cc(OC)c3Cl)ccc2n1,1,*c1cc(C)c(Nc2ncc3cc(-c4c(Cl)c(OC)cc(OC)c4Cl)ccc3n2)c(NC(=O)CC)c1|*c1cccc2c1C(=O)N(C1CCC(=O)NC1=O)C2=O,[*]C1(C2CCN([*])C2)CCC(OC(C)(C)C)CC1,18.52
CCC(=O)Nc1cc(C2(C(C)(C)C#N)CCC(N3CCC(OC4CCN(c5cccc6c5C(=O)N(C5CCC(=O)NC5=O)C6=O)CC4)CC3)CC2)cc(C)c1Nc1ncc2cc(-c3c(Cl)c(OC)cc(OC)c3Cl)ccc2n1,1,*c1cc(C)c(Nc2ncc3cc(-c4c(Cl)c(OC)cc(OC)c4Cl)ccc3n2)c(NC(=O)CC)c1|*c1cccc2c1C(=O)N(C1CCC(=O)NC1=O)C2=O,[*]C1(C(C)(C)C#N)CCC(N2CCC(OC3CCN([*])CC3)CC2)CC1,16.92
CCC(=O)Nc1cc(C2(C3(C(=O)O)CN(c4cccc5c4C(=O)N(C4CCC(=O)NC4=O)C5=O)C3)CC2)cc(C)c1Nc1ncc2cc(-c3c(Cl)c(OC)cc(OC)c3Cl)ccc2n1,1,*c1cc(C)c(Nc2ncc3cc(-c4c(Cl)c(OC)cc(OC)c4Cl)ccc3n2)c(NC(=O)CC)c1|*c1cccc2c1C(=O)N(C1CCC(=O)NC1=O)C2=O,[*]C1(C2(C(=O)O)CN([*])C2)CC1,12.74
CCC(=O)Nc1cc(C2CCC3(CC2)CC(N2CCC4(CCN(c5cccc6c5C(=O)N(C5CCC(=O)NC5=O)C6=O)CC4)CC2)C3)cc(C)c1Nc1ncc2cc(-c3c(Cl)c(OC)cc(OC)c3Cl)ccc2n1,1,*c1cc(C)c(Nc2ncc3cc(-c4c(Cl)c(OC)cc(OC)c4Cl)ccc3n2)c(NC(=O)CC)c1|*c1cccc2c1C(=O)N(C1CCC(=O)NC1=O)C2=O,[*]C1CCC2(CC1)CC(N1CCC3(CC1)CCN([*])CC3)C2,11.88
CCC(=O)Nc1cc(C2CCC(N3CCN(c4cccc5c4C(=O)N(C4CCC(=O)NC4=O)C5=O)CC3)CC2)cc(C)c1Nc1ncc2cc(-c3c(Cl)c(OC)cc(OC)c3Cl)ccc2n1,1,*c1cc(C)c(Nc2ncc3cc(-c4c(Cl)c(OC)cc(OC)c4Cl)ccc3n2)c(NC(=O)CC)c1|*c1cccc2c1C(=O)N(C1CCC(=O)NC1=O)C2=O,[*]C1CCC(N2CCN([*])CC2)CC1,4.71
CCC(=O)Nc6cc(N5CCN(CC4CCN(c2cccc3c(=O)n(C1CCC(=O)NC1=O)c(=O)c23)C4)CC5)cc(C)c6Nc9ncc8cc(c7c(Cl)c(OC)cc(OC)c7Cl)ccc8n9,1,*c1cc(C)c(Nc2ncc3cc(-c4c(Cl)c(OC)cc(OC)c4Cl)ccc3n2)c(NC(=O)CC)c1|*c1cccc2c1C(=O)N(C1CCC(=O)NC1=O)C2=O,[*]N2CCN(CC1CCN([*])C1)CC2,4.17
CCC(=O)Nc1cc(C2(C)CCC3(CC2)CC3C(=O)C2(O)CCN(c3cccc4c3C(=O)N(C3CCC(=O)NC3=O)C4=O)CC2)cc(C)c1Nc1ncc2cc(-c3c(Cl)c(OC)cc(OC)c3Cl)ccc2n1,1,*c1cc(C)c(Nc2ncc3cc(-c4c(Cl)c(OC)cc(OC)c4Cl)ccc3n2)c(NC(=O)CC)c1|*c1cccc2c1C(=O)N(C1CCC(=O)NC1=O)C2=O,[*]C1(C)CCC2(CC1)CC2C(=O)C1(O)CCN([*])CC1,16.55
CCC(=O)Nc1cc(C2(F)CCC(C3(O)CC4(CCN(c5cccc6c5C(=O)N(C5CCC(=O)NC5=O)C6=O)C4)C3)CC2)cc(C)c1Nc1ncc2cc(-c3c(Cl)c(OC)cc(OC)c3Cl)ccc2n1,1,*c1cc(C)c(Nc2ncc3cc(-c4c(Cl)c(OC)cc(OC)c4Cl)ccc3n2)c(NC(=O)CC)c1|*c1cccc2c1C(=O)N(C1CCC(=O)NC1=O)C2=O,[*]C1(F)CCC(C2(O)CC3(CCN([*])C3)C2)CC1,13.87
CCC(=O)Nc1cc(C2(C3(O)CCC4(CC3)CC(OC3CN(c5cccc6c5C(=O)N(C5CCC(=O)NC5=O)C6=O)C3)C4)CC2)cc(C)c1Nc1ncc2cc(-c3c(Cl)c(OC)cc(OC)c3Cl)ccc2n1,1,*c1cc(C)c(Nc2ncc3cc(-c4c(Cl)c(OC)cc(OC)c4Cl)ccc3n2)c(NC(=O)CC)c1|*c1cccc2c1C(=O)N(C1CCC(=O)NC1=O)C2=O,[*]C1(C2(O)CCC3(CC2)CC(OC2CN([*])C2)C3)CC1,15.68
CCC(=O)Nc1cc(C2(C)CC(OCCOCCOCCCNc3cccc4c3C(=O)N(C3CCC(=O)NC3=O)C4=O)C2)cc(C)c1Nc1ncc2cc(-c3c(Cl)c(OC)cc(OC)c3Cl)ccc2n1,1,*c1cc(C)c(Nc2ncc3cc(-c4c(Cl)c(OC)cc(OC)c4Cl)ccc3n2)c(NC(=O)CC)c1|*c1cccc2c1C(=O)N(C1CCC(=O)NC1=O)C2=O,[*]C1(C)CC(OCCOCCOCCCN[*])C1,13.64
CCC(=O)Nc1cc(C2CCC3(CC2)CCN(c2cccc4c2C(=O)N(C2CCC(=O)NC2=O)C4=O)CC3)cc(C)c1Nc1ncc2cc(-c3c(Cl)c(OC)cc(OC)c3Cl)ccc2n1,1,*c1cc(C)c(Nc2ncc3cc(-c4c(Cl)c(OC)cc(OC)c4Cl)ccc3n2)c(NC(=O)CC)c1|*c1cccc2c1C(=O)N(C1CCC(=O)NC1=O)C2=O,[*]C1CCC2(CC1)CCN([*])CC2,5.78
CCC(=O)Nc1cc(C2(C)CC3(CN(c4cccc5c4C(=O)N(C4CCC(=O)NC4=O)C5=O)C3)C2)cc(C)c1Nc1ncc2cc(-c3c(Cl)c(OC)cc(OC)c3Cl)ccc2n1,1,*c1cc(C)c(Nc2ncc3cc(-c4c(Cl)c(OC)cc(OC)c4Cl)ccc3n2)c(NC(=O)CC)c1|*c1cccc2c1C(=O)N(C1CCC(=O)NC1=O)C2=O,[*]C1(C)CC2(C1)CN([*])C2,4.69
CCC(=O)Nc1cc(C2CC(NCCCNc3cccc4c3C(=O)N(C3CCC(=O)NC3=O)C4=O)C(O)C(F)(F)C2)cc(C)c1Nc1ncc2cc(-c3c(Cl)c(OC)cc(OC)c3Cl)ccc2n1,1,*c1cc(C)c(Nc2ncc3cc(-c4c(Cl)c(OC)cc(OC)c4Cl)ccc3n2)c(NC(=O)CC)c1|*c1cccc2c1C(=O)N(C1CCC(=O)NC1=O)C2=O,[*]C1CC(F)(F)C(O)C(NCCCN[*])C1,21.15
CCC(=O)Nc1cc(C2CC(C)(O)C3(C2)CN(c2cccc4c2C(=O)N(C2CCC(=O)NC2=O)C4=O)C3)cc(C)c1Nc1ncc2cc(-c3c(Cl)c(OC)cc(OC)c3Cl)ccc2n1,1,*c1cc(C)c(Nc2ncc3cc(-c4c(Cl)c(OC)cc(OC)c4Cl)ccc3n2)c(NC(=O)CC)c1|*c1cccc2c1C(=O)N(C1CCC(=O)NC1=O)C2=O,[*]C1CC(C)(O)C2(C1)CN([*])C2,9.45
CCC(=O)Nc1cc(C2CC3CC(OC4CCN(c5cccc6c5C(=O)N(C5CCC(=O)NC5=O)C6=O)C4)CC3C2)cc(C)c1Nc1ncc2cc(-c3c(Cl)c(OC)cc(OC)c3Cl)ccc2n1,1,*c1cc(C)c(Nc2ncc3cc(-c4c(Cl)c(OC)cc(OC)c4Cl)ccc3n2)c(NC(=O)CC)c1|*c1cccc2c1C(=O)N(C1CCC(=O)NC1=O)C2=O,[*]C1CC2CC(OC3CCN([*])C3)CC2C1,10.73
CCC(=O)Nc1cc(C2(C3CCN(C(=O)C4CC(O)C5(CCN(c6cccc7c6C(=O)N(C6CCC(=O)NC6=O)C7=O)CC5)C4)CC3)CN(C)C2)cc(C)c1Nc1ncc2cc(-c3c(Cl)c(OC)cc(OC)c3Cl)ccc2n1,1,*c1cc(C)c(Nc2ncc3cc(-c4c(Cl)c(OC)cc(OC)c4Cl)ccc3n2)c(NC(=O)CC)c1|*c1cccc2c1C(=O)N(C1CCC(=O)NC1=O)C2=O,[*]C1(C2CCN(C(=O)C3CC(O)C4(CCN([*])CC4)C3)CC2)CN(C)C1,22.84
CCC(=O)Nc1cc(C2CCC(N3CCC(Nc4cccc5c4C(=O)N(C4CCC(=O)NC4=O)C5=O)CC3)CC2)cc(C)c1Nc1ncc2cc(-c3c(Cl)c(OC)cc(OC)c3Cl)ccc2n1,1,*c1cc(C)c(Nc2ncc3cc(-c4c(Cl)c(OC)cc(OC)c4Cl)ccc3n2)c(NC(=O)CC)c1|*c1cccc2c1C(=O)N(C1CCC(=O)NC1=O)C2=O,[*]C1CCC(N2CCC(N[*])CC2)CC1,5.96
CCC(=O)Nc1cc(C2(C)CCC(CCNC(=O)CNc3cccc4c3C(=O)N(C3CCC(=O)NC3=O)C4=O)CC2)cc(C)c1Nc1ncc2cc(-c3c(Cl)c(OC)cc(OC)c3Cl)ccc2n1,1,*c1cc(C)c(Nc2ncc3cc(-c4c(Cl)c(OC)cc(OC)c4Cl)ccc3n2)c(NC(=O)CC)c1|*c1cccc2c1C(=O)N(C1CCC(=O)NC1=O)C2=O,[*]C1(C)CCC(CCNC(=O)CN[*])CC1,16.52
CCC(=O)Nc1cc(C2C3CC2N(c2cccc4c2C(=O)N(C2CCC(=O)NC2=O)C4=O)C3)cc(C)c1Nc1ncc2cc(-c3c(Cl)c(OC)cc(OC)c3Cl)ccc2n1,1,*c1cc(C)c(Nc2ncc3cc(-c4c(Cl)c(OC)cc(OC)c4Cl)ccc3n2)c(NC(=O)CC)c1|*c1cccc2c1C(=O)N(C1CCC(=O)NC1=O)C2=O,[*]C1C2CC1N([*])C2,6.35
CCC(=O)Nc1cc(C23CCC(Nc4cccc5c4C(=O)N(C4CCC(=O)NC4=O)C5=O)(CC2)CC3)cc(C)c1Nc1ncc2cc(-c3c(Cl)c(OC)cc(OC)c3Cl)ccc2n1,1,*c1cc(C)c(Nc2ncc3cc(-c4c(Cl)c(OC)cc(OC)c4Cl)ccc3n2)c(NC(=O)CC)c1|*c1cccc2c1C(=O)N(C1CCC(=O)NC1=O)C2=O,[*]C12CCC(N[*])(CC1)CC2,4.58
CCC(=O)Nc1cc(C2CC3(CC(Nc4cccc5c4C(=O)N(C4CCC(=O)NC4=O)C5=O)C3)C2)cc(C)c1Nc1ncc2cc(-c3c(Cl)c(OC)cc(OC)c3Cl)ccc2n1,1,*c1cc(C)c(Nc2ncc3cc(-c4c(Cl)c(OC)cc(OC)c4Cl)ccc3n2)c(NC(=O)CC)c1|*c1cccc2c1C(=O)N(C1CCC(=O)NC1=O)C2=O,[*]C1CC2(C1)CC(N[*])C2,4.42
CCC(=O)Nc1cc(C2CCC(N3CCOC(C4CN(c5cccc6c5C(=O)N(C5CCC(=O)NC5=O)C6=O)C4)C3)CC2)cc(C)c1Nc1ncc2cc(-c3c(Cl)c(OC)cc(OC)c3Cl)ccc2n1,1,*c1cc(C)c(Nc2ncc3cc(-c4c(Cl)c(OC)cc(OC)c4Cl)ccc3n2)c(NC(=O)CC)c1|*c1cccc2c1C(=O)N(C1CCC(=O)NC1=O)C2=O,[*]C1CCC(N2CCOC(C3CN([*])C3)C2)CC1,9.9
CCC(=O)Nc1cc(C2(C3CCN(CC4CN(c5cccc6c5C(=O)N(C5CCC(=O)NC5=O)C6=O)C4)CC3)CC2)cc(C)c1Nc1ncc2cc(-c3c(Cl)c(OC)cc(OC)c3Cl)ccc2n1,1,*c1cc(C)c(Nc2ncc3cc(-c4c(Cl)c(OC)cc(OC)c4Cl)ccc3n2)c(NC(=O)CC)c1|*c1cccc2c1C(=O)N(C1CCC(=O)NC1=O)C2=O,[*]C1(C2CCN(CC3CN([*])C3)CC2)CC1,7.9
CCC(=O)Nc1cc(C2(C3CCN(C)CC3Cc3cccc4c3C(=O)N(C3CCC(=O)NC3=O)C4=O)CC2)cc(C)c1Nc1ncc2cc(-c3c(Cl)c(OC)cc(OC)c3Cl)ccc2n1,1,*c1cc(C)c(Nc2ncc3cc(-c4c(Cl)c(OC)cc(OC)c4Cl)ccc3n2)c(NC(=O)CC)c1|*c1cccc2c1C(=O)N(C1CCC(=O)NC1=O)C2=O,[*]C1(C2CCN(C)CC2C[*])CC1,14.89
CCC(=O)Nc1cc(C2CC3(C2)CC(N2CCC(OCC4CCCN4c4cccc5c4C(=O)N(C4CCC(=O)NC4=O)C5=O)CC2)C3)cc(C)c1Nc1ncc2cc(-c3c(Cl)c(OC)cc(OC)c3Cl)ccc2n1,1,*c1cc(C)c(Nc2ncc3cc(-c4c(Cl)c(OC)cc(OC)c4Cl)ccc3n2)c(NC(=O)CC)c1|*c1cccc2c1C(=O)N(C1CCC(=O)NC1=O)C2=O,[*]C1CC2(C1)CC(N1CCC(OCC3CCCN3[*])CC1)C2,16.37
CCC(=O)Nc1cc(C2C3CCC(N(C)C4CCN(c5cccc6c5C(=O)N(C5CCC(=O)NC5=O)C6=O)CC4)CC32)cc(C)c1Nc1ncc2cc(-c3c(Cl)c(OC)cc(OC)c3Cl)ccc2n1,1,*c1cc(C)c(Nc2ncc3cc(-c4c(Cl)c(OC)cc(OC)c4Cl)ccc3n2)c(NC(=O)CC)c1|*c1cccc2c1C(=O)N(C1CCC(=O)NC1=O)C2=O,[*]C1C2CCC(N(C)C3CCN([*])CC3)CC12,9.93
CCC(=O)Nc1cc(C2C3CC2CN(C2CCN(c4cccc5c4C(=O)N(C4CCC(=O)NC4=O)C5=O)CC2)C3)cc(C)c1Nc1ncc2cc(-c3c(Cl)c(OC)cc(OC)c3Cl)ccc2n1,1,*c1cc(C)c(Nc2ncc3cc(-c4c(Cl)c(OC)cc(OC)c4Cl)ccc3n2)c(NC(=O)CC)c1|*c1cccc2c1C(=O)N(C1CCC(=O)NC1=O)C2=O,[*]C1C2CC1CN(C1CCN([*])CC1)C2,9.93
CCC(=O)Nc1cc(C2C3CCC2C2(Cc4cccc5c4C(=O)N(C4CCC(=O)NC4=O)C5=O)CC32)cc(C)c1Nc1ncc2cc(-c3c(Cl)c(OC)cc(OC)c3Cl)ccc2n1,1,*c1cc(C)c(Nc2ncc3cc(-c4c(Cl)c(OC)cc(OC)c4Cl)ccc3n2)c(NC(=O)CC)c1|*c1cccc2c1C(=O)N(C1CCC(=O)NC1=O)C2=O,[*]C1C2CCC1C1(C[*])CC21,16.2
CCC(=O)Nc1cc(C2CC(O)(CCOCCCCNc3cccc4c3C(=O)N(C3CCC(=O)NC3=O)C4=O)C2)cc(C)c1Nc1ncc2cc(-c3c(Cl)c(OC)cc(OC)c3Cl)ccc2n1,1,*c1cc(C)c(Nc2ncc3cc(-c4c(Cl)c(OC)cc(OC)c4Cl)ccc3n2)c(NC(=O)CC)c1|*c1cccc2c1C(=O)N(C1CCC(=O)NC1=O)C2=O,[*]C1CC(O)(CCOCCCCN[*])C1,14.28
CCC(=O)Nc1cc(C2(C3CCN([C@@H]4CC[C@@H]5CN(c6cccc7c6C(=O)N(C6CCC(=O)NC6=O)C7=O)C[C@@H]5C4)CC3)CC2)cc(C)c1Nc1ncc2cc(-c3c(Cl)c(OC)cc(OC)c3Cl)ccc2n1,1,*c1cc(C)c(Nc2ncc3cc(-c4c(Cl)c(OC)cc(OC)c4Cl)ccc3n2)c(NC(=O)CC)c1|*c1cccc2c1C(=O)N(C1CCC(=O)NC1=O)C2=O,[*]C1(C2CCN([C@@H]3CC[C@@H]4CN([*])C[C@@H]4C3)CC2)CC1,17.01
CCC(=O)Nc1cc(C2(C)CCC(Nc3cccc4c3C(=O)N(C3CCC(=O)NC3=O)C4=O)CC2)cc(C)c1Nc1ncc2cc(-c3c(Cl)c(OC)cc(OC)c3Cl)ccc2n1,1,*c1cc(C)c(Nc2ncc3cc(-c4c(Cl)c(OC)cc(OC)c4Cl)ccc3n2)c(NC(=O)CC)c1|*c1cccc2c1C(=O)N(C1CCC(=O)NC1=O)C2=O,[*]C1(C)CCC(N[*])CC1,4.76
CCC(=O)Nc1cc(C2CC3CC(Nc4cccc5c4C(=O)N(C4CCC(=O)NC4=O)C5=O)C2C3)cc(C)c1Nc1ncc2cc(-c3c(Cl)c(OC)cc(OC)c3Cl)ccc2n1,1,*c1cc(C)c(Nc2ncc3cc(-c4c(Cl)c(OC)cc(OC)c4Cl)ccc3n2)c(NC(=O)CC)c1|*c1cccc2c1C(=O)N(C1CCC(=O)NC1=O)C2=O,[*]C1CC2CC(N[*])C1C2,10.39
CCC(=O)Nc1cc(N2C3CCC2CN(C2CCC(c4cccc5c4C(=O)N(C4CCC(=O)NC4=O)C5=O)CC2)C3)cc(C)c1Nc1ncc2cc(-c3c(Cl)c(OC)cc(OC)c3Cl)ccc2n1,1,*c1cc(C)c(Nc2ncc3cc(-c4c(Cl)c(OC)cc(OC)c4Cl)ccc3n2)c(NC(=O)CC)c1|*c1cccc2c1C(=O)N(C1CCC(=O)NC1=O)C2=O,[*]N1C2CCC1CN(C1CCC([*])CC1)C2,17.72
CCC(=O)Nc1cc(C2CC3(C[C@H]2F)CN(c2cccc4c2C(=O)N(C2CCC(=O)NC2=O)C4=O)C3)cc(C)c1Nc1ncc2cc(-c3c(Cl)c(OC)cc(OC)c3Cl)ccc2n1,1,*c1cc(C)c(Nc2ncc3cc(-c4c(Cl)c(OC)cc(OC)c4Cl)ccc3n2)c(NC(=O)CC)c1|*c1cccc2c1C(=O)N(C1CCC(=O)NC1=O)C2=O,[*]C1CC2(C[C@H]1F)CN([*])C2,12.8
CCC(=O)Nc1cc(C2(C3CCN(C(C)C4CC4)CC3)CCN(c3cccc4c3C(=O)N(C3CCC(=O)NC3=O)C4=O)CC2)cc(C)c1Nc1ncc2cc(-c3c(Cl)c(OC)cc(OC)c3Cl)ccc2n1,1,*c1cc(C)c(Nc2ncc3cc(-c4c(Cl)c(OC)cc(OC)c4Cl)ccc3n2)c(NC(=O)CC)c1|*c1cccc2c1C(=O)N(C1CCC(=O)NC1=O)C2=O,[*]C1(C2CCN(C(C)C3CC3)CC2)CCN([*])CC1,16.34
CCC(=O)Nc1cc(C2(COC)CCC(N(C)C3CCN(c4cccc5c4C(=O)N(C4CCC(=O)NC4=O)C5=O)CC3)CC2)cc(C)c1Nc1ncc2cc(-c3c(Cl)c(OC)cc(OC)c3Cl)ccc2n1,1,*c1cc(C)c(Nc2ncc3cc(-c4c(Cl)c(OC)cc(OC)c4Cl)ccc3n2)c(NC(=O)CC)c1|*c1cccc2c1C(=O)N(C1CCC(=O)NC1=O)C2=O,[*]C1(COC)CCC(N(C)C2CCN([*])CC2)CC1,10.8
CCC(=O)Nc1cc(C2(C)CCC(N3CC(C)(OC4CC(Nc5cccc6c5C(=O)N(C5CCC(=O)NC5=O)C6=O)C4)C3)CC2)cc(C)c1Nc1ncc2cc(-c3c(Cl)c(OC)cc(OC)c3Cl)ccc2n1,1,*c1cc(C)c(Nc2ncc3cc(-c4c(Cl)c(OC)cc(OC)c4Cl)ccc3n2)c(NC(=O)CC)c1|*c1cccc2c1C(=O)N(C1CCC(=O)NC1=O)C2=O,[*]C1(C)CCC(N2CC(C)(OC3CC(N[*])C3)C2)CC1,14.64
CCC(=O)Nc1cc(C2CC3(C2)CC(N2CC(F)C2)C3Cc2cccc3c2C(=O)N(C2CCC(=O)NC2=O)C3=O)cc(C)c1Nc1ncc2cc(-c3c(Cl)c(OC)cc(OC)c3Cl)ccc2n1,1,*c1cc(C)c(Nc2ncc3cc(-c4c(Cl)c(OC)cc(OC)c4Cl)ccc3n2)c(NC(=O)CC)c1|*c1cccc2c1C(=O)N(C1CCC(=O)NC1=O)C2=O,[*]C1CC2(C1)CC(N1CC(F)C1)C2C[*],17.85
CCC(=O)Nc1cc(C2(C3CCC(N4CCN(c5cccc6c5C(=O)N(C5CCC(=O)NC5=O)C6=O)CC4)CC3)CC2)cc(C)c1Nc1ncc2cc(-c3c(Cl)c(OC)cc(OC)c3Cl)ccc2n1,1,*c1cc(C)c(Nc2ncc3cc(-c4c(Cl)c(OC)cc(OC)c4Cl)ccc3n2)c(NC(=O)CC)c1|*c1cccc2c1C(=O)N(C1CCC(=O)NC1=O)C2=O,[*]C1(C2CCC(N3CCN([*])CC3)CC2)CC1,5.93
CCC(=O)Nc1cc(C2CCC(N3CCN(c4cccc5c4C(=O)N(C4CCC(=O)NC4=O)C5=O)C(C)C3)CC2)cc(C)c1Nc1ncc2cc(-c3c(Cl)c(OC)cc(OC)c3Cl)ccc2n1,1,*c1cc(C)c(Nc2ncc3cc(-c4c(Cl)c(OC)cc(OC)c4Cl)ccc3n2)c(NC(=O)CC)c1|*c1cccc2c1C(=O)N(C1CCC(=O)NC1=O)C2=O,[*]C1CCC(N2CCN([*])C(C)C2)CC1,8.74
CCC(=O)Nc1cc(C2CC3(C2)CN(C2CN(c4cccc5c4C(=O)N(C4CCC(=O)NC4=O)C5=O)C2)C3)cc(C)c1Nc1ncc2cc(-c3c(Cl)c(OC)cc(OC)c3Cl)ccc2n1,1,*c1cc(C)c(Nc2ncc3cc(-c4c(Cl)c(OC)cc(OC)c4Cl)ccc3n2)c(NC(=O)CC)c1|*c1cccc2c1C(=O)N(C1CCC(=O)NC1=O)C2=O,[*]C1CC2(C1)CN(C1CN([*])C1)C2,5.91
CCC(=O)Nc1cc(C2CCC(N3CCOC(CN4CCN(c5cccc6c5C(=O)N(C5CCC(=O)NC5=O)C6=O)CC4)C3)CC2)cc(C)c1Nc1ncc2cc(-c3c(Cl)c(OC)cc(OC)c3Cl)ccc2n1,1,*c1cc(C)c(Nc2ncc3cc(-c4c(Cl)c(OC)cc(OC)c4Cl)ccc3n2)c(NC(=O)CC)c1|*c1cccc2c1C(=O)N(C1CCC(=O)NC1=O)C2=O,[*]C1CCC(N2CCOC(CN3CCN([*])CC3)C2)CC1,11.17
CCC(=O)Nc1cc(C2CCC(N3CCN(C)C(=O)C3)CC2Nc2cccc3c2C(=O)N(C2CCC(=O)NC2=O)C3=O)cc(C)c1Nc1ncc2cc(-c3c(Cl)c(OC)cc(OC)c3Cl)ccc2n1,1,*c1cc(C)c(Nc2ncc3cc(-c4c(Cl)c(OC)cc(OC)c4Cl)ccc3n2)c(NC(=O)CC)c1|*c1cccc2c1C(=O)N(C1CCC(=O)NC1=O)C2=O,[*]C1CCC(N2CCN(C)C(=O)C2)CC1N[*],13.4
CCC(=O)Nc1cc(C23CCC(C4(O)CC5(CN(C6CCN(C7CN(c8cccc9c8C(=O)N(C8CCC(=O)NC8=O)C9=O)C7)C6)C5)C4)(CC2)CC3)cc(C)c1Nc1ncc2cc(-c3c(Cl)c(OC)cc(OC)c3Cl)ccc2n1,1,*c1cc(C)c(Nc2ncc3cc(-c4c(Cl)c(OC)cc(OC)c4Cl)ccc3n2)c(NC(=O)CC)c1|*c1cccc2c1C(=O)N(C1CCC(=O)NC1=O)C2=O,[*]C12CCC(C3(O)CC4(CN(C5CCN(C6CN([*])C6)C5)C4)C3)(CC1)CC2,23.64
CCC(=O)Nc1cc(C2(F)CCC(N(CC(F)(F)F)C3CCN(c4cccc5c4C(=O)N(C4CCC(=O)NC4=O)C5=O)CC3)CC2)cc(C)c1Nc1ncc2cc(-c3c(Cl)c(OC)cc(OC)c3Cl)ccc2n1,1,*c1cc(C)c(Nc2ncc3cc(-c4c(Cl)c(OC)cc(OC)c4Cl)ccc3n2)c(NC(=O)CC)c1|*c1cccc2c1C(=O)N(C1CCC(=O)NC1=O)C2=O,[*]C1(F)CCC(N(CC(F)(F)F)C2CCN([*])CC2)CC1,15.27
CCC(=O)Nc1cc(C2CC3CCC(C2)C(Nc2cccc4c2C(=O)N(C2CCC(=O)NC2=O)C4=O)C3)cc(C)c1Nc1ncc2cc(-c3c(Cl)c(OC)cc(OC)c3Cl)ccc2n1,1,*c1cc(C)c(Nc2ncc3cc(-c4c(Cl)c(OC)cc(OC)c4Cl)ccc3n2)c(NC(=O)CC)c1|*c1cccc2c1C(=O)N(C1CCC(=O)NC1=O)C2=O,[*]C1CC2CCC(C1)C(N[*])C2,15.25
CCC(=O)Nc1cc(C2(C)CCC(C)(CN3CCC4(CCC4Nc4cccc5c4C(=O)N(C4CCC(=O)NC4=O)C5=O)CC3)CC2)cc(C)c1Nc1ncc2cc(-c3c(Cl)c(OC)cc(OC)c3Cl)ccc2n1,1,*c1cc(C)c(Nc2ncc3cc(-c4c(Cl)c(OC)cc(OC)c4Cl)ccc3n2)c(NC(=O)CC)c1|*c1cccc2c1C(=O)N(C1CCC(=O)NC1=O)C2=O,[*]C1(C)CCC(C)(CN2CCC3(CCC3N[*])CC2)CC1,20.8
CCC(=O)Nc1cc(C2CC3(C2)CC2(CC(N(C)C4CN(c5cccc6c5C(=O)N(C5CCC(=O)NC5=O)C6=O)C4)C2)C3)cc(C)c1Nc1ncc2cc(-c3c(Cl)c(OC)cc(OC)c3Cl)ccc2n1,1,*c1cc(C)c(Nc2ncc3cc(-c4c(Cl)c(OC)cc(OC)c4Cl)ccc3n2)c(NC(=O)CC)c1|*c1cccc2c1C(=O)N(C1CCC(=O)NC1=O)C2=O,[*]C1CC2(C1)CC1(CC(N(C)C3CN([*])C3)C1)C2,15.13
CCC(=O)Nc1cc(C2CCC(N3CCN(c4cccc5c4C(=O)N(C4CCC(=O)NC4=O)C5=O)C[C@H]3C)CC2)cc(C)c1Nc1ncc2cc(-c3c(Cl)c(OC)cc(OC)c3Cl)ccc2n1,1,*c1cc(C)c(Nc2ncc3cc(-c4c(Cl)c(OC)cc(OC)c4Cl)ccc3n2)c(NC(=O)CC)c1|*c1cccc2c1C(=O)N(C1CCC(=O)NC1=O)C2=O,[*]C1CCC(N2CCN([*])C[C@H]2C)CC1,9.37
CCC(=O)Nc1cc(C2CCC3(C2)CN(C2CCC(O)(COC4CCN(c5cccc6c5C(=O)N(C5CCC(=O)NC5=O)C6=O)CC4)CC2)C3)cc(C)c1Nc1ncc2cc(-c3c(Cl)c(OC)cc(OC)c3Cl)ccc2n1,1,*c1cc(C)c(Nc2ncc3cc(-c4c(Cl)c(OC)cc(OC)c4Cl)ccc3n2)c(NC(=O)CC)c1|*c1cccc2c1C(=O)N(C1CCC(=O)NC1=O)C2=O,[*]C1CCC2(C1)CN(C1CCC(O)(COC3CCN([*])CC3)CC1)C2,17.87
CCC(=O)Nc1cc(C2CC3(C2)CC(N2CCC(CN(C)C4CCC(Nc5cccc6c5C(=O)N(C5CCC(=O)NC5=O)C6=O)CC4)CC2)OC3=O)cc(C)c1Nc1ncc2cc(-c3c(Cl)c(OC)cc(OC)c3Cl)ccc2n1,1,*c1cc(C)c(Nc2ncc3cc(-c4c(Cl)c(OC)cc(OC)c4Cl)ccc3n2)c(NC(=O)CC)c1|*c1cccc2c1C(=O)N(C1CCC(=O)NC1=O)C2=O,[*]C1CC2(C1)CC(N1CCC(CN(C)C3CCC(N[*])CC3)CC1)OC2=O,24.66
CCC(=O)Nc1cc(C2CCC(C3CCN(c4cccc5c4C(=O)N(C4CCC(=O)NC4=O)C5=O)CC3)CC2)cc(C)c1Nc1ncc2cc(-c3c(Cl)c(OC)cc(OC)c3Cl)ccc2n1,1,*c1cc(C)c(Nc2ncc3cc(-c4c(Cl)c(OC)cc(OC)c4Cl)ccc3n2)c(NC(=O)CC)c1|*c1cccc2c1C(=O)N(C1CCC(=O)NC1=O)C2=O,[*]C1CCC(C2CCN([*])CC2)CC1,5.41
CCC(=O)Nc1cc(C2CC3(C2)CC2(CN(c4cccc5c4C(=O)N(C4CCC(=O)NC4=O)C5=O)C2)C3)cc(C)c1Nc1ncc2cc(-c3c(Cl)c(OC)cc(OC)c3Cl)ccc2n1,1,*c1cc(C)c(Nc2ncc3cc(-c4c(Cl)c(OC)cc(OC)c4Cl)ccc3n2)c(NC(=O)CC)c1|*c1cccc2c1C(=O)N(C1CCC(=O)NC1=O)C2=O,[*][C@@H]1CC2(CC3(C2)CN([*])C3)C1,14.69
CCC(=O)Nc1cc(C2(C3CCC(N4CC(C)(O)C4)CC3)CC(Nc3cccc4c3C(=O)N(C3CCC(=O)NC3=O)C4=O)C2)cc(C)c1Nc1ncc2cc(-c3c(Cl)c(OC)cc(OC)c3Cl)ccc2n1,1,*c1cc(C)c(Nc2ncc3cc(-c4c(Cl)c(OC)cc(OC)c4Cl)ccc3n2)c(NC(=O)CC)c1|*c1cccc2c1C(=O)N(C1CCC(=O)NC1=O)C2=O,[*]C1(C2CCC(N3CC(C)(O)C3)CC2)CC(N[*])C1,14
CCC(=O)Nc1cc(C2CN(C3CCC(OC4CC(Nc5cccc6c5C(=O)N(C5CCC(=O)NC5=O)C6=O)C4)CC3)C2)cc(C)c1Nc1ncc2cc(-c3c(Cl)c(OC)cc(OC)c3Cl)ccc2n1,1,*c1cc(C)c(Nc2ncc3cc(-c4c(Cl)c(OC)cc(OC)c4Cl)ccc3n2)c(NC(=O)CC)c1|*c1cccc2c1C(=O)N(C1CCC(=O)NC1=O)C2=O,[*]C1CN(C2CCC(OC3CC(N[*])C3)CC2)C1,12.54
CCC(=O)Nc1cc(C2(CNC3CCN(c4cccc5c4C(=O)N(C4CCC(=O)NC4=O)C5=O)CC3)CCOCC2)cc(C)c1Nc1ncc2cc(-c3c(Cl)c(OC)cc(OC)c3Cl)ccc2n1,1,*c1cc(C)c(Nc2ncc3cc(-c4c(Cl)c(OC)cc(OC)c4Cl)ccc3n2)c(NC(=O)CC)c1|*c1cccc2c1C(=O)N(C1CCC(=O)NC1=O)C2=O,[*]C1(CNC2CCN([*])CC2)CCOCC1,13.3
CCC(=O)Nc1cc(C2CCC(C3CCC(N4CCN(c5cccc6c5C(=O)N(C5CCC(=O)NC5=O)C6=O)CC4)CC3)CC2)cc(C)c1Nc1ncc2cc(-c3c(Cl)c(OC)cc(OC)c3Cl)ccc2n1,1,*c1cc(C)c(Nc2ncc3cc(-c4c(Cl)c(OC)cc(OC)c4Cl)ccc3n2)c(NC(=O)CC)c1|*c1cccc2c1C(=O)N(C1CCC(=O)NC1=O)C2=O,[*]C1CCC(C2CCC(N3CCN([*])CC3)CC2)CC1,8.26
CCC(=O)Nc1cc(C2CC3(C2)CC(N(C)CCOCCOCCOCCNc2cccc4c2C(=O)N(C2CCC(=O)NC2=O)C4=O)C3)cc(C)c1Nc1ncc2cc(-c3c(Cl)c(OC)cc(OC)c3Cl)ccc2n1,1,*c1cc(C)c(Nc2ncc3cc(-c4c(Cl)c(OC)cc(OC)c4Cl)ccc3n2)c(NC(=O)CC)c1|*c1cccc2c1C(=O)N(C1CCC(=O)NC1=O)C2=O,[*]C1CC2(C1)CC(N(C)CCOCCOCCOCCN[*])C2,9.8
CCC(=O)Nc1cc(C2(F)CCC(N3CC4(CC(Nc5cccc6c5C(=O)N(C5CCC(=O)NC5=O)C6=O)C4C)C3)CC2)cc(C)c1Nc1ncc2cc(-c3c(Cl)c(OC)cc(OC)c3Cl)ccc2n1,1,*c1cc(C)c(Nc2ncc3cc(-c4c(Cl)c(OC)cc(OC)c4Cl)ccc3n2)c(NC(=O)CC)c1|*c1cccc2c1C(=O)N(C1CCC(=O)NC1=O)C2=O,[*]C1(F)CCC(N2CC3(CC(N[*])C3C)C2)CC1,18.08
CCC(=O)Nc1cc(C2(CC)CC(C3(O)CN(c4cccc5c4C(=O)N(C4CCC(=O)NC4=O)C5=O)C3)C2)cc(C)c1Nc1ncc2cc(-c3c(Cl)c(OC)cc(OC)c3Cl)ccc2n1,1,*c1cc(C)c(Nc2ncc3cc(-c4c(Cl)c(OC)cc(OC)c4Cl)ccc3n2)c(NC(=O)CC)c1|*c1cccc2c1C(=O)N(C1CCC(=O)NC1=O)C2=O,[*]C1(CC)CC(C2(O)CN([*])C2)C1,14.34
CCC(=O)Nc1cc(C2CC3(C2)CC(N2CCCN(c4cccc5c4C(=O)N(C4CCC(=O)NC4=O)C5=O)CC2)C3)cc(C)c1Nc1ncc2cc(-c3c(Cl)c(OC)cc(OC)c3Cl)ccc2n1,1,*c1cc(C)c(Nc2ncc3cc(-c4c(Cl)c(OC)cc(OC)c4Cl)ccc3n2)c(NC(=O)CC)c1|*c1cccc2c1C(=O)N(C1CCC(=O)NC1=O)C2=O,[*]C1CC2(C1)CC(N1CCCN([*])CC1)C2,10.05
CCC(=O)Nc1cc(C2CCC3(C2)CN(c2cccc4c2C(=O)N(C2CCC(=O)NC2=O)C4=O)CCO3)cc(C)c1Nc1ncc2cc(-c3c(Cl)c(OC)cc(OC)c3Cl)ccc2n1,1,*c1cc(C)c(Nc2ncc3cc(-c4c(Cl)c(OC)cc(OC)c4Cl)ccc3n2)c(NC(=O)CC)c1|*c1cccc2c1C(=O)N(C1CCC(=O)NC1=O)C2=O,[*]C1CCC2(C1)CN([*])CCO2,6.84
CCC(=O)Nc1cc(N2C[C@H]3C[C@@H]2CN3C2(O)CCN(c3cccc4c3C(=O)N(C3CCC(=O)NC3=O)C4=O)CC2)cc(C)c1Nc1ncc2cc(-c3c(Cl)c(OC)cc(OC)c3Cl)ccc2n1,1,*c1cc(C)c(Nc2ncc3cc(-c4c(Cl)c(OC)cc(OC)c4Cl)ccc3n2)c(NC(=O)CC)c1|*c1cccc2c1C(=O)N(C1CCC(=O)NC1=O)C2=O,[*]N1C[C@H]2C[C@@H]1CN2C1(O)CCN([*])CC1,11.39
CCC(=O)Nc1cc(C2CC3(C2)CC(N2CCN(C4CCC(Nc5cccc6c5C(=O)N(C5CCC(=O)NC5=O)C6=O)CC4)CC2)C3)cc(C)c1Nc1ncc2cc(-c3c(Cl)c(OC)cc(OC)c3Cl)ccc2n1,1,*c1cc(C)c(Nc2ncc3cc(-c4c(Cl)c(OC)cc(OC)c4Cl)ccc3n2)c(NC(=O)CC)c1|*c1cccc2c1C(=O)N(C1CCC(=O)NC1=O)C2=O,[*]C1CC2(C1)CC(N1CCN(C3CCC(N[*])CC3)CC1)C2,10.71
CCC(=O)Nc1cc(C2CN(C3C4COCC3C4)CCC2C2CCN(c3cccc4c3C(=O)N(C3CCC(=O)NC3=O)C4=O)CC2)cc(C)c1Nc1ncc2cc(-c3c(Cl)c(OC)cc(OC)c3Cl)ccc2n1,1,*c1cc(C)c(Nc2ncc3cc(-c4c(Cl)c(OC)cc(OC)c4Cl)ccc3n2)c(NC(=O)CC)c1|*c1cccc2c1C(=O)N(C1CCC(=O)NC1=O)C2=O,[*]C1CN(C2C3COCC2C3)CCC1C1CCN([*])CC1,20.68
CCC(=O)Nc1cc(C2CC(F)(C(=O)N(C)C3CCN(c4cccc5c4C(=O)N(C4CCC(=O)NC4=O)C5=O)CC3)C2)cc(C)c1Nc1ncc2cc(-c3c(Cl)c(OC)cc(OC)c3Cl)ccc2n1,1,*c1cc(C)c(Nc2ncc3cc(-c4c(Cl)c(OC)cc(OC)c4Cl)ccc3n2)c(NC(=O)CC)c1|*c1cccc2c1C(=O)N(C1CCC(=O)NC1=O)C2=O,[*]C1CC(F)(C(=O)N(C)C2CCN([*])CC2)C1,13.22
CCC(=O)Nc1cc(C2CCC(OCC3CCN(c4cccc5c4C(=O)N(C4CCC(=O)NC4=O)C5=O)CC3)CC2)cc(C)c1Nc1ncc2cc(-c3c(Cl)c(OC)cc(OC)c3Cl)ccc2n1,1,*c1cc(C)c(Nc2ncc3cc(-c4c(Cl)c(OC)cc(OC)c4Cl)ccc3n2)c(NC(=O)CC)c1|*c1cccc2c1C(=O)N(C1CCC(=O)NC1=O)C2=O,[*]C1CCC(OCC2CCN([*])CC2)CC1,9.21
CCC(=O)Nc1cc(C2(C34CCC(Nc5cccc6c5C(=O)N(C5CCC(=O)NC5=O)C6=O)(CC3)CC4)CCC2)cc(C)c1Nc1ncc2cc(-c3c(Cl)c(OC)cc(OC)c3Cl)ccc2n1,1,*c1cc(C)c(Nc2ncc3cc(-c4c(Cl)c(OC)cc(OC)c4Cl)ccc3n2)c(NC(=O)CC)c1|*c1cccc2c1C(=O)N(C1CCC(=O)NC1=O)C2=O,[*]C1(C23CCC(N[*])(CC2)CC3)CCC1,10.05
CCC(=O)Nc1cc(C2CC3(C2)CC(N2CCN(CC#Cc4cccc5c4C(=O)N(C4CCC(=O)NC4=O)C5=O)CC2)C3)cc(C)c1Nc1ncc2cc(-c3c(Cl)c(OC)cc(OC)c3Cl)ccc2n1,1,*c1cc(C)c(Nc2ncc3cc(-c4c(Cl)c(OC)cc(OC)c4Cl)ccc3n2)c(NC(=O)CC)c1|*c1cccc2c1C(=O)N(C1CCC(=O)NC1=O)C2=O,[*]C1CC2(C1)CC(N1CCN(CC#C[*])CC1)C2,11.78
CCC(=O)Nc1cc(C2(C3CCN(C4CC(Nc5cccc6c5C(=O)N(C5CCC(=O)NC5=O)C6=O)C4)CC3)CC2)cc(C)c1Nc1ncc2cc(-c3c(Cl)c(OC)cc(OC)c3Cl)ccc2n1,1,*c1cc(C)c(Nc2ncc3cc(-c4c(Cl)c(OC)cc(OC)c4Cl)ccc3n2)c(NC(=O)CC)c1|*c1cccc2c1C(=O)N(C1CCC(=O)NC1=O)C2=O,[*]C1(C2CCN(C3CC(N[*])C3)CC2)CC1,8.83
CCC(=O)Nc1cc(C2(C3CCCN(c4cccc5c4C(=O)N(C4CCC(=O)NC4=O)C5=O)C3)CC2)cc(C)c1Nc1ncc2cc(-c3c(Cl)c(OC)cc(OC)c3Cl)ccc2n1,1,*c1cc(C)c(Nc2ncc3cc(-c4c(Cl)c(OC)cc(OC)c4Cl)ccc3n2)c(NC(=O)CC)c1|*c1cccc2c1C(=O)N(C1CCC(=O)NC1=O)C2=O,[*]C1(C2CCCN([*])C2)CC1,9.14
CCC(=O)Nc1cc(C2CC3(C2)CN(C2CC(OC4CCN(c5cccc6c5C(=O)N(C5CCC(=O)NC5=O)C6=O)CC4)C2)C3)cc(C)c1Nc1ncc2cc(-c3c(Cl)c(OC)cc(OC)c3Cl)ccc2n1,1,*c1cc(C)c(Nc2ncc3cc(-c4c(Cl)c(OC)cc(OC)c4Cl)ccc3n2)c(NC(=O)CC)c1|*c1cccc2c1C(=O)N(C1CCC(=O)NC1=O)C2=O,[*]C1CC2(C1)CN(C1CC(OC3CCN([*])CC3)C1)C2,8.88
CCC(=O)Nc1cc(C2CCC3(CC2)CN(CC2CCN(c4cccc5c4C(=O)N(C4CCC(=O)NC4=O)C5=O)CC2)C3)cc(C)c1Nc1ncc2cc(-c3c(Cl)c(OC)cc(OC)c3Cl)ccc2n1,1,*c1cc(C)c(Nc2ncc3cc(-c4c(Cl)c(OC)cc(OC)c4Cl)ccc3n2)c(NC(=O)CC)c1|*c1cccc2c1C(=O)N(C1CCC(=O)NC1=O)C2=O,[*]C1CCC2(CC1)CN(CC1CCN([*])CC1)C2,8.75
CCC(=O)Nc1cc(C2(CC)CCC(N3CCC(CCc4cccc5c4C(=O)N(C4CCC(=O)NC4=O)C5=O)CC3)CC2)cc(C)c1Nc1ncc2cc(-c3c(Cl)c(OC)cc(OC)c3Cl)ccc2n1,1,*c1cc(C)c(Nc2ncc3cc(-c4c(Cl)c(OC)cc(OC)c4Cl)ccc3n2)c(NC(=O)CC)c1|*c1cccc2c1C(=O)N(C1CCC(=O)NC1=O)C2=O,[*]C1(CC)CCC(N2CCC(CC[*])CC2)CC1,12.7
CCC(=O)Nc1cc(C2CC3(C2)CC3Nc2cccc3c2C(=O)N(C2CCC(=O)NC2=O)C3=O)cc(C)c1Nc1ncc2cc(-c3c(Cl)c(OC)cc(OC)c3Cl)ccc2n1,1,*c1cc(C)c(Nc2ncc3cc(-c4c(Cl)c(OC)cc(OC)c4Cl)ccc3n2)c(NC(=O)CC)c1|*c1cccc2c1C(=O)N(C1CCC(=O)NC1=O)C2=O,[*]C1CC2(C1)CC2N[*],10.42
CCC(=O)Nc1cc(C2(C3CCN(c4cccc5c4C(=O)N(C4CCC(=O)NC4=O)C5=O)CC3)CN(C)C2)cc(C)c1Nc1ncc2cc(-c3c(Cl)c(OC)cc(OC)c3Cl)ccc2n1,1,*c1cc(C)c(Nc2ncc3cc(-c4c(Cl)c(OC)cc(OC)c4Cl)ccc3n2)c(NC(=O)CC)c1|*c1cccc2c1C(=O)N(C1CCC(=O)NC1=O)C2=O,[*]C1(C2CCN([*])CC2)CN(C)C1,9.79
CCC(=O)Nc1cc(CC23CCC(Nc4cccc5c4C(=O)N(C4CCC(=O)NC4=O)C5=O)(CC2)CC3)cc(C)c1Nc1ncc2cc(-c3c(Cl)c(OC)cc(OC)c3Cl)ccc2n1,1,*c1cc(C)c(Nc2ncc3cc(-c4c(Cl)c(OC)cc(OC)c4Cl)ccc3n2)c(NC(=O)CC)c1|*c1cccc2c1C(=O)N(C1CCC(=O)NC1=O)C2=O,[*]CC12CCC(N[*])(CC1)CC2,9.5
CCC(=O)Nc1cc(C2CC3(C2)CN(C(=O)CCC2CCN(c4cccc5c4C(=O)N(C4CCC(=O)NC4=O)C5=O)CC2)C3)cc(C)c1Nc1ncc2cc(-c3c(Cl)c(OC)cc(OC)c3Cl)ccc2n1,1,*c1cc(C)c(Nc2ncc3cc(-c4c(Cl)c(OC)cc(OC)c4Cl)ccc3n2)c(NC(=O)CC)c1|*c1cccc2c1C(=O)N(C1CCC(=O)NC1=O)C2=O,[*]C1CC2(C1)CN(C(=O)CCC1CCN([*])CC1)C2,11.14
CCC(=O)Nc1cc(C2CN(C34CC(C#Cc5cccc6c5C(=O)N(C5CCC(=O)NC5=O)C6=O)(C3)C4)C2)cc(C)c1Nc1ncc2cc(-c3c(Cl)c(OC)cc(OC)c3Cl)ccc2n1,1,*c1cc(C)c(Nc2ncc3cc(-c4c(Cl)c(OC)cc(OC)c4Cl)ccc3n2)c(NC(=O)CC)c1|*c1cccc2c1C(=O)N(C1CCC(=O)NC1=O)C2=O,[*]C1CN(C23CC(C#C[*])(C2)C3)C1,12.55
CCC(=O)Nc1cc(C2CC(CC3CCN(c4cccc5c4C(=O)N(C4CCC(=O)NC4=O)C5=O)CC3O)C2)cc(C)c1Nc1ncc2cc(-c3c(Cl)c(OC)cc(OC)c3Cl)ccc2n1,1,*c1cc(C)c(Nc2ncc3cc(-c4c(Cl)c(OC)cc(OC)c4Cl)ccc3n2)c(NC(=O)CC)c1|*c1cccc2c1C(=O)N(C1CCC(=O)NC1=O)C2=O,[*]C1CC(CC2CCN([*])CC2O)C1,15.29
CCC(=O)Nc1cc(C2CCC(N3CCC(Cc4ccc5c(c4)C4(CCN(c6cccc7c6C(=O)N(C6CCC(=O)NC6=O)C7=O)CC4)C5=O)CC3)CC2)cc(C)c1Nc1ncc2cc(-c3c(Cl)c(OC)cc(OC)c3Cl)ccc2n1,1,*c1cc(C)c(Nc2ncc3cc(-c4c(Cl)c(OC)cc(OC)c4Cl)ccc3n2)c(NC(=O)CC)c1|*c1cccc2c1C(=O)N(C1CCC(=O)NC1=O)C2=O,[*]C1CCC(N2CCC(Cc3ccc4c(c3)C3(CCN([*])CC3)C4=O)CC2)CC1,21.65
CCC(=O)Nc1cc(C2(F)C3CCC2CN(c2cccc4c2C(=O)N(C2CCC(=O)NC2=O)C4=O)C3)cc(C)c1Nc1ncc2cc(-c3c(Cl)c(OC)cc(OC)c3Cl)ccc2n1,1,*c1cc(C)c(Nc2ncc3cc(-c4c(Cl)c(OC)cc(OC)c4Cl)ccc3n2)c(NC(=O)CC)c1|*c1cccc2c1C(=O)N(C1CCC(=O)NC1=O)C2=O,[*]C1(F)C2CCC1CN([*])C2,8.1
CCC(=O)Nc1cc(C2(C)CCC(CCc3cccc4c3C(=O)N(C3CCC(=O)NC3=O)C4=O)CC2)cc(C)c1Nc1ncc2cc(-c3c(Cl)c(OC)cc(OC)c3Cl)ccc2n1,1,*c1cc(C)c(Nc2ncc3cc(-c4c(Cl)c(OC)cc(OC)c4Cl)ccc3n2)c(NC(=O)CC)c1|*c1cccc2c1C(=O)N(C1CCC(=O)NC1=O)C2=O,[*]C1(C)CCC(CC[*])CC1,10.28
CCC(=O)Nc1cc(C2CC3(C(=O)OC(C)(C)CCOC(=O)CCN4CCC(C5CCN(C6CCN(c7cccc8c7C(=O)N(C7CCC(=O)NC7=O)C8=O)CC6)CC5)CC4)CC2C3)cc(C)c1Nc1ncc2cc(-c3c(Cl)c(OC)cc(OC)c3Cl)ccc2n1,1,*c1cc(C)c(Nc2ncc3cc(-c4c(Cl)c(OC)cc(OC)c4Cl)ccc3n2)c(NC(=O)CC)c1|*c1cccc2c1C(=O)N(C1CCC(=O)NC1=O)C2=O,[*]C1C2CC(C(=O)OC(C)(C)CCOC(=O)CCN3CCC(C4CCN(C5CCN([*])CC5)CC4)CC3)(C1)C2,38.92
CCC(=O)Nc1cc(C2CC3(CCN(c4cccc5c4C(=O)N(C4CCC(=O)NC4=O)C5=O)CC3)C2)cc(C)c1Nc1ncc2cc(-c3c(Cl)c(OC)cc(OC)c3Cl)ccc2n1,1,*c1cc(C)c(Nc2ncc3cc(-c4c(Cl)c(OC)cc(OC)c4Cl)ccc3n2)c(NC(=O)CC)c1|*c1cccc2c1C(=O)N(C1CCC(=O)NC1=O)C2=O,[*]C1CC2(CCN([*])CC2)C1,4.65
CCC(=O)Nc1cc(C2(C)CCC3(CCC(N4CCN(c5cccc6c5C(=O)N(C5CCC(=O)NC5=O)C6=O)CC4)CC3)CC2)cc(C)c1Nc1ncc2cc(-c3c(Cl)c(OC)cc(OC)c3Cl)ccc2n1,1,*c1cc(C)c(Nc2ncc3cc(-c4c(Cl)c(OC)cc(OC)c4Cl)ccc3n2)c(NC(=O)CC)c1|*c1cccc2c1C(=O)N(C1CCC(=O)NC1=O)C2=O,[*]C1(C)CCC2(CCC(N3CCN([*])CC3)CC2)CC1,11.55
CCC(=O)Nc1cc(N2C3CCC2CN(C(C)OC(C)(C)C2CN(c4cccc5c4C(=O)N(C4CCC(=O)NC4=O)C5=O)C2)C3)cc(C)c1Nc1ncc2cc(-c3c(Cl)c(OC)cc(OC)c3Cl)ccc2n1,1,*c1cc(C)c(Nc2ncc3cc(-c4c(Cl)c(OC)cc(OC)c4Cl)ccc3n2)c(NC(=O)CC)c1|*c1cccc2c1C(=O)N(C1CCC(=O)NC1=O)C2=O,[*]N1C2CCC1CN(C(C)OC(C)(C)C1CN([*])C1)C2,27.67
CCC(=O)Nc1cc(C2(C)CCC3(CC(CNc4cccc5c4C(=O)N(C4CCC(=O)NC4=O)C5=O)C3)C2)cc(C)c1Nc1ncc2cc(-c3c(Cl)c(OC)cc(OC)c3Cl)ccc2n1,1,*c1cc(C)c(Nc2ncc3cc(-c4c(Cl)c(OC)cc(OC)c4Cl)ccc3n2)c(NC(=O)CC)c1|*c1cccc2c1C(=O)N(C1CCC(=O)NC1=O)C2=O,[*]C1(C)CCC2(C1)CC(CN[*])C2,14.25
CCC(=O)Nc1cc(C2CN(C3CN(c4cccc5c4C(=O)N(C4CCC(=O)NC4=O)C5=O)C3)CCC2O)cc(C)c1Nc1ncc2cc(-c3c(Cl)c(OC)cc(OC)c3Cl)ccc2n1,1,*c1cc(C)c(Nc2ncc3cc(-c4c(Cl)c(OC)cc(OC)c4Cl)ccc3n2)c(NC(=O)CC)c1|*c1cccc2c1C(=O)N(C1CCC(=O)NC1=O)C2=O,[*]C1CN(C2CN([*])C2)CCC1O,13.55
CCC(=O)Nc1cc(C2CCC(C3(O)CCN(c4cccc5c4C(=O)N(C4CCC(=O)NC4=O)C5=O)CC3)CC2)cc(C)c1Nc1ncc2cc(-c3c(Cl)c(OC)cc(OC)c3Cl)ccc2n1,1,*c1cc(C)c(Nc2ncc3cc(-c4c(Cl)c(OC)cc(OC)c4Cl)ccc3n2)c(NC(=O)CC)c1|*c1cccc2c1C(=O)N(C1CCC(=O)NC1=O)C2=O,[*]C1CCC(C2(O)CCN([*])CC2)CC1,5.81
CCC(=O)Nc1cc(C2CCC(C3(N)CCC(Nc4cccc5c4C(=O)N(C4CCC(=O)NC4=O)C5=O)CC3)CC2)cc(C)c1Nc1ncc2cc(-c3c(Cl)c(OC)cc(OC)c3Cl)ccc2n1,1,*c1cc(C)c(Nc2ncc3cc(-c4c(Cl)c(OC)cc(OC)c4Cl)ccc3n2)c(NC(=O)CC)c1|*c1cccc2c1C(=O)N(C1CCC(=O)NC1=O)C2=O,[*]C1CCC(C2(N)CCC(N[*])CC2)CC1,13.01
CCC(=O)Nc1cc(C2CC3(CCN(c4cccc5c4C(=O)N(C4CCC(=O)NC4=O)C5=O)C3)C2)cc(C)c1Nc1ncc2cc(-c3c(Cl)c(OC)cc(OC)c3Cl)ccc2n1,1,*c1cc(C)c(Nc2ncc3cc(-c4c(Cl)c(OC)cc(OC)c4Cl)ccc3n2)c(NC(=O)CC)c1|*c1cccc2c1C(=O)N(C1CCC(=O)NC1=O)C2=O,[*]C1CC2(CCN([*])C2)C1,6
CCC(=O)Nc1cc(C2(C(F)F)CCC(N3CCN(c4cccc5c4C(=O)N(C4CCC(=O)NC4=O)C5=O)CC3)CC2)cc(C)c1Nc1ncc2cc(-c3c(Cl)c(OC)cc(OC)c3Cl)ccc2n1,1,*c1cc(C)c(Nc2ncc3cc(-c4c(Cl)c(OC)cc(OC)c4Cl)ccc3n2)c(NC(=O)CC)c1|*c1cccc2c1C(=O)N(C1CCC(=O)NC1=O)C2=O,[*]C1(C(F)F)CCC(N2CCN([*])CC2)CC1,9.27
CCC(=O)Nc1cc(N2C3CCC2CN(CCOCCOCCOCCNc2cccc4c2C(=O)N(C2CCC(=O)NC2=O)C4=O)C3)cc(C)c1Nc1ncc2cc(-c3c(Cl)c(OC)cc(OC)c3Cl)ccc2n1,1,*c1cc(C)c(Nc2ncc3cc(-c4c(Cl)c(OC)cc(OC)c4Cl)ccc3n2)c(NC(=O)CC)c1|*c1cccc2c1C(=O)N(C1CCC(=O)NC1=O)C2=O,[*]N1C2CCC1CN(CCOCCOCCOCCN[*])C2,17.55
CCC(=O)Nc1cc(C2(C)CCC3(CC2)CC(N(C)c2cccc4c2C(=O)N(C2CCC(=O)NC2=O)C4=O)C3(F)F)cc(C)c1Nc1ncc2cc(-c3c(Cl)c(OC)cc(OC)c3Cl)ccc2n1,1,*c1cc(C)c(Nc2ncc3cc(-c4c(Cl)c(OC)cc(OC)c4Cl)ccc3n2)c(NC(=O)CC)c1|*c1cccc2c1C(=O)N(C1CCC(=O)NC1=O)C2=O,[*]C1(C)CCC2(CC1)CC(N(C)[*])C2(F)F,19.1
CCC(=O)Nc1cc(C2CCC(N(C)C3CCN(c4cccc5c4C(=O)N(C4CCC(=O)NC4=O)C5=O)CC3)CC2)cc(C)c1Nc1ncc2cc(-c3c(Cl)c(OC)cc(OC)c3Cl)ccc2n1,1,*c1cc(C)c(Nc2ncc3cc(-c4c(Cl)c(OC)cc(OC)c4Cl)ccc3n2)c(NC(=O)CC)c1|*c1cccc2c1C(=O)N(C1CCC(=O)NC1=O)C2=O,[*]C1CCC(N(C)C2CCN([*])CC2)CC1,6.99
CCC(=O)Nc1cc(C2(F)CCC(C3(OC)CCN(c4cccc5c4C(=O)N(C4CCC(=O)NC4=O)C5=O)CC3)CC2)cc(C)c1Nc1ncc2cc(-c3c(Cl)c(OC)cc(OC)c3Cl)ccc2n1,1,*c1cc(C)c(Nc2ncc3cc(-c4c(Cl)c(OC)cc(OC)c4Cl)ccc3n2)c(NC(=O)CC)c1|*c1cccc2c1C(=O)N(C1CCC(=O)NC1=O)C2=O,[*]C1(F)CCC(C2(OC)CCN([*])CC2)CC1,11.62
CCC(=O)Nc1cc(C2(C3CCN(C4CN(c5cccc6c5C(=O)N(C5CCC(=O)NC5=O)C6=O)C4)CC3)CC2)cc(C)c1Nc1ncc2cc(-c3c(Cl)c(OC)cc(OC)c3Cl)ccc2n1,1,*c1cc(C)c(Nc2ncc3cc(-c4c(Cl)c(OC)cc(OC)c4Cl)ccc3n2)c(NC(=O)CC)c1|*c1cccc2c1C(=O)N(C1CCC(=O)NC1=O)C2=O,[*]C1(C2CCN(C3CN([*])C3)CC2)CC1,6.57
CCC(=O)Nc1cc(C2CCC(N3CC4(CN(c5cccc6c5C(=O)N(C5CCC(=O)NC5=O)C6=O)C4)C3)CC2)cc(C)c1Nc1ncc2cc(-c3c(Cl)c(OC)cc(OC)c3Cl)ccc2n1,1,*c1cc(C)c(Nc2ncc3cc(-c4c(Cl)c(OC)cc(OC)c4Cl)ccc3n2)c(NC(=O)CC)c1|*c1cccc2c1C(=O)N(C1CCC(=O)NC1=O)C2=O,[*]C1CCC(N2CC3(CN([*])C3)C2)CC1,7.41
CCC(=O)Nc1cc(C2(C3CCNCC3)CCN(c3cccc4c3C(=O)N(C3CCC(=O)NC3=O)C4=O)CC2)cc(C)c1Nc1ncc2cc(-c3c(Cl)c(OC)cc(OC)c3Cl)ccc2n1,1,*c1cc(C)c(Nc2ncc3cc(-c4c(Cl)c(OC)cc(OC)c4Cl)ccc3n2)c(NC(=O)CC)c1|*c1cccc2c1C(=O)N(C1CCC(=O)NC1=O)C2=O,[*]C1(C2CCNCC2)CCN([*])CC1,8.94
CCC(=O)Nc1cc(C2CC3(C2)CC(N2CCC(C)CC2)CN(c2cccc4c2C(=O)N(C2CCC(=O)NC2=O)C4=O)C3)cc(C)c1Nc1ncc2cc(-c3c(Cl)c(OC)cc(OC)c3Cl)ccc2n1,1,*c1cc(C)c(Nc2ncc3cc(-c4c(Cl)c(OC)cc(OC)c4Cl)ccc3n2)c(NC(=O)CC)c1|*c1cccc2c1C(=O)N(C1CCC(=O)NC1=O)C2=O,[*]C1CC2(C1)CC(N1CCC(C)CC1)CN([*])C2,19.14
CCC(=O)Nc1cc(C2(N3CCC(OC4CCN(c5cccc6c5C(=O)N(C5CCC(=O)NC5=O)C6=O)CC4)CC3)CC2)cc(C)c1Nc1ncc2cc(-c3c(Cl)c(OC)cc(OC)c3Cl)ccc2n1,1,*c1cc(C)c(Nc2ncc3cc(-c4c(Cl)c(OC)cc(OC)c4Cl)ccc3n2)c(NC(=O)CC)c1|*c1cccc2c1C(=O)N(C1CCC(=O)NC1=O)C2=O,[*]C1(N2CCC(OC3CCN([*])CC3)CC2)CC1,13.33
CCC(=O)Nc1cc(C2(C)CC3(CN(C4CN(C5CCN(c6cccc7c6C(=O)N(C6CCC(=O)NC6=O)C7=O)CC5)C4)C3)C2)cc(C)c1Nc1ncc2cc(-c3c(Cl)c(OC)cc(OC)c3Cl)ccc2n1,1,*c1cc(C)c(Nc2ncc3cc(-c4c(Cl)c(OC)cc(OC)c4Cl)ccc3n2)c(NC(=O)CC)c1|*c1cccc2c1C(=O)N(C1CCC(=O)NC1=O)C2=O,[*]C1(C)CC2(C1)CN(C1CN(C3CCN([*])CC3)C1)C2,13.35
CCC(=O)Nc1cc(C23CCC(N4CCN(c5cccc6c5C(=O)N(C5CCC(=O)NC5=O)C6=O)CC4)(CC2)CC3)cc(C)c1Nc1ncc2cc(-c3c(Cl)c(OC)cc(OC)c3Cl)ccc2n1,1,*c1cc(C)c(Nc2ncc3cc(-c4c(Cl)c(OC)cc(OC)c4Cl)ccc3n2)c(NC(=O)CC)c1|*c1cccc2c1C(=O)N(C1CCC(=O)NC1=O)C2=O,[*]C12CCC(N3CCN([*])CC3)(CC1)CC2,5.53
CCC(=O)Nc1cc(C2CC3(C2)CN(C2CCC(CNc4cccc5c4C(=O)N(C4CCC(=O)NC4=O)C5=O)CC2)C3)cc(C)c1Nc1ncc2cc(-c3c(Cl)c(OC)cc(OC)c3Cl)ccc2n1,1,*c1cc(C)c(Nc2ncc3cc(-c4c(Cl)c(OC)cc(OC)c4Cl)ccc3n2)c(NC(=O)CC)c1|*c1cccc2c1C(=O)N(C1CCC(=O)NC1=O)C2=O,[*]C1CC2(C1)CN(C1CCC(CN[*])CC1)C2,9.41
CCC(=O)Nc1cc(C2CCC3(C2)CN(c2cccc4c2C(=O)N(C2CCC(=O)NC2=O)C4=O)CCS3(=O)=O)cc(C)c1Nc1ncc2cc(-c3c(Cl)c(OC)cc(OC)c3Cl)ccc2n1,1,*c1cc(C)c(Nc2ncc3cc(-c4c(Cl)c(OC)cc(OC)c4Cl)ccc3n2)c(NC(=O)CC)c1|*c1cccc2c1C(=O)N(C1CCC(=O)NC1=O)C2=O,[*]C1CCC2(C1)CN([*])CCS2(=O)=O,11.79
CCC(=O)Nc1cc(C23CCC(C2)C(N(C)C(=O)C#CC2CCN(c4cccc5c4C(=O)N(C4CCC(=O)NC4=O)C5=O)CC2)C3)cc(C)c1Nc1ncc2cc(-c3c(Cl)c(OC)cc(OC)c3Cl)ccc2n1,1,*c1cc(C)c(Nc2ncc3cc(-c4c(Cl)c(OC)cc(OC)c4Cl)ccc3n2)c(NC(=O)CC)c1|*c1cccc2c1C(=O)N(C1CCC(=O)NC1=O)C2=O,[*]C12CCC(C1)C(N(C)C(=O)C#CC1CCN([*])CC1)C2,18.08
CCC(=O)Nc1cc(C2(C)CCC(N3CCCN(c4cccc5c4C(=O)N(C4CCC(=O)NC4=O)C5=O)CC3)CC2)cc(C)c1Nc1ncc2cc(-c3c(Cl)c(OC)cc(OC)c3Cl)ccc2n1,1,*c1cc(C)c(Nc2ncc3cc(-c4c(Cl)c(OC)cc(OC)c4Cl)ccc3n2)c(NC(=O)CC)c1|*c1cccc2c1C(=O)N(C1CCC(=O)NC1=O)C2=O,[*]C1(C)CCC(N2CCCN([*])CC2)CC1,9.76
CCC(=O)Nc1cc(C23CCC(C(=O)OC4CC5(CCN(c6cccc7c6C(=O)N(C6CCC(=O)NC6=O)C7=O)C5)C4)(CC2)C(F)(F)C3)cc(C)c1Nc1ncc2cc(-c3c(Cl)c(OC)cc(OC)c3Cl)ccc2n1,1,*c1cc(C)c(Nc2ncc3cc(-c4c(Cl)c(OC)cc(OC)c4Cl)ccc3n2)c(NC(=O)CC)c1|*c1cccc2c1C(=O)N(C1CCC(=O)NC1=O)C2=O,[*]C12CCC(C(=O)OC3CC4(CCN([*])C4)C3)(CC1)C(F)(F)C2,23.09
CCC(=O)Nc1cc(C2C3CN(C4CCN(c5cccc6c5C(=O)N(C5CCC(=O)NC5=O)C6=O)C(C)(C)C4)CC32)cc(C)c1Nc1ncc2cc(-c3c(Cl)c(OC)cc(OC)c3Cl)ccc2n1,1,*c1cc(C)c(Nc2ncc3cc(-c4c(Cl)c(OC)cc(OC)c4Cl)ccc3n2)c(NC(=O)CC)c1|*c1cccc2c1C(=O)N(C1CCC(=O)NC1=O)C2=O,[*]C1C2CN(C3CCN([*])C(C)(C)C3)CC12,13.65
CCC(=O)Nc1cc(C2(C)CCC(OC3CCC(Nc4cccc5c4C(=O)N(C4CCC(=O)NC4=O)C5=O)CC3)CC2)cc(C)c1Nc1ncc2cc(-c3c(Cl)c(OC)cc(OC)c3Cl)ccc2n1,1,*c1cc(C)c(Nc2ncc3cc(-c4c(Cl)c(OC)cc(OC)c4Cl)ccc3n2)c(NC(=O)CC)c1|*c1cccc2c1C(=O)N(C1CCC(=O)NC1=O)C2=O,[*]C1(C)CCC(OC2CCC(N[*])CC2)CC1,8.65
CCC(=O)Nc1cc(C2CCC(O)(C3CCC(C4CCN(c5cccc6c5C(=O)N(C5CCC(=O)NC5=O)C6=O)CC4)CC3)CC2)cc(C)c1Nc1ncc2cc(-c3c(Cl)c(OC)cc(OC)c3Cl)ccc2n1,1,*c1cc(C)c(Nc2ncc3cc(-c4c(Cl)c(OC)cc(OC)c4Cl)ccc3n2)c(NC(=O)CC)c1|*c1cccc2c1C(=O)N(C1CCC(=O)NC1=O)C2=O,[*]C1CCC(O)(C2CCC(C3CCN([*])CC3)CC2)CC1,12.64
CCC(=O)Nc1cc(C2(C(F)(F)F)CCC(OCCC(=O)N3CCN(c4cccc5c4C(=O)N(C4CCC(=O)NC4=O)C5=O)CC3)CC2)cc(C)c1Nc1ncc2cc(-c3c(Cl)c(OC)cc(OC)c3Cl)ccc2n1,1,*c1cc(C)c(Nc2ncc3cc(-c4c(Cl)c(OC)cc(OC)c4Cl)ccc3n2)c(NC(=O)CC)c1|*c1cccc2c1C(=O)N(C1CCC(=O)NC1=O)C2=O,[*]C1(C(F)(F)F)CCC(OCCC(=O)N2CCN([*])CC2)CC1,15.88
CCC(=O)Nc1cc(C2[C@H]3CC[C@H]2CN(c2cccc4c2C(=O)N(C2CCC(=O)NC2=O)C4=O)C3)cc(C)c1Nc1ncc2cc(-c3c(Cl)c(OC)cc(OC)c3Cl)ccc2n1,1,*c1cc(C)c(Nc2ncc3cc(-c4c(Cl)c(OC)cc(OC)c4Cl)ccc3n2)c(NC(=O)CC)c1|*c1cccc2c1C(=O)N(C1CCC(=O)NC1=O)C2=O,[*]C1[C@H]2CC[C@H]1CN([*])C2,9.16
C=CC(=O)N1CCC(c2cc(C)c(Nc3ncc4cc(-c5c(Cl)c(OC)cc(OC)c5Cl)ccc4n3)c(NC(=O)CC)c2)(C2CCN(c3cccc4c3C(=O)N(C3CCC(=O)NC3=O)C4=O)CC2)CC1,1,*c1cc(C)c(Nc2ncc3cc(-c4c(Cl)c(OC)cc(OC)c4Cl)ccc3n2)c(NC(=O)CC)c1|*c1cccc2c1C(=O)N(C1CCC(=O)NC1=O)C2=O,[*]C1(C2CCN([*])CC2)CCN(C(=O)C=C)CC1,9.28
CCC(=O)Nc1cc(C2CC(C3(OC)CCN(c4cccc5c4C(=O)N(C4CCC(=O)NC4=O)C5=O)CC3)C3(CC3)C2)cc(C)c1Nc1ncc2cc(-c3c(Cl)c(OC)cc(OC)c3Cl)ccc2n1,1,*c1cc(C)c(Nc2ncc3cc(-c4c(Cl)c(OC)cc(OC)c4Cl)ccc3n2)c(NC(=O)CC)c1|*c1cccc2c1C(=O)N(C1CCC(=O)NC1=O)C2=O,[*]C1CC(C2(OC)CCN([*])CC2)C2(CC2)C1,15.64
CCC(=O)Nc1cc(C2(F)CCC(CC3CCC(Nc4cccc5c4C(=O)N(C4CCC(=O)NC4=O)C5=O)CC3)CC2)cc(C)c1Nc1ncc2cc(-c3c(Cl)c(OC)cc(OC)c3Cl)ccc2n1,1,*c1cc(C)c(Nc2ncc3cc(-c4c(Cl)c(OC)cc(OC)c4Cl)ccc3n2)c(NC(=O)CC)c1|*c1cccc2c1C(=O)N(C1CCC(=O)NC1=O)C2=O,[*]C1(F)CCC(CC2CCC(N[*])CC2)CC1,12.58
CCC(=O)Nc1cc(C2(C3CCC(N4CC5[C@@H](C4)N5c4cccc5c4C(=O)N(C4CCC(=O)NC4=O)C5=O)CC3)CC2)cc(C)c1Nc1ncc2cc(-c3c(Cl)c(OC)cc(OC)c3Cl)ccc2n1,1,*c1cc(C)c(Nc2ncc3cc(-c4c(Cl)c(OC)cc(OC)c4Cl)ccc3n2)c(NC(=O)CC)c1|*c1cccc2c1C(=O)N(C1CCC(=O)NC1=O)C2=O,[*]C1(C2CCC(N3C[C@@H]4C(C3)N4[*])CC2)CC1,13.05
CCC(=O)Nc1cc(C2CC3(CC(C(=O)N4CCC(Nc5cccc6c5C(=O)N(C5CCC(=O)NC5=O)C6=O)CC4)C3)C2)cc(C)c1Nc1ncc2cc(-c3c(Cl)c(OC)cc(OC)c3Cl)ccc2n1,1,*c1cc(C)c(Nc2ncc3cc(-c4c(Cl)c(OC)cc(OC)c4Cl)ccc3n2)c(NC(=O)CC)c1|*c1cccc2c1C(=O)N(C1CCC(=O)NC1=O)C2=O,[*]C1CC2(C1)CC(C(=O)N1CCC(N[*])CC1)C2,10.46
CCC(=O)Nc1cc(C2C3CCC2CN(c2cccc4c2C(=O)N(C2CCC(=O)NC2=O)C4=O)C3)cc(C)c1Nc1ncc2cc(-c3c(Cl)c(OC)cc(OC)c3Cl)ccc2n1,1,*c1cc(C)c(Nc2ncc3cc(-c4c(Cl)c(OC)cc(OC)c4Cl)ccc3n2)c(NC(=O)CC)c1|*c1cccc2c1C(=O)N(C1CCC(=O)NC1=O)C2=O,[*]C1C2CCC1CN([*])C2,4.52
CCC(=O)Nc1cc(C2(C3CCN(C(=O)C4CC(Nc5cccc6c5C(=O)N(C5CCC(=O)NC5=O)C6=O)C4)CC3)CCOCC2)cc(C)c1Nc1ncc2cc(-c3c(Cl)c(OC)cc(OC)c3Cl)ccc2n1,1,*c1cc(C)c(Nc2ncc3cc(-c4c(Cl)c(OC)cc(OC)c4Cl)ccc3n2)c(NC(=O)CC)c1|*c1cccc2c1C(=O)N(C1CCC(=O)NC1=O)C2=O,[*]C1(C2CCN(C(=O)C3CC(N[*])C3)CC2)CCOCC1,13.31
CCC(=O)Nc1cc(C2CCC3(C2)CN(c2cccc4c2C(=O)N(C2CCC(=O)NC2=O)C4=O)C3)cc(C)c1Nc1ncc2cc(-c3c(Cl)c(OC)cc(OC)c3Cl)ccc2n1,1,*c1cc(C)c(Nc2ncc3cc(-c4c(Cl)c(OC)cc(OC)c4Cl)ccc3n2)c(NC(=O)CC)c1|*c1cccc2c1C(=O)N(C1CCC(=O)NC1=O)C2=O,[*]C1CCC2(C1)CN([*])C2,4.6
CCC(=O)Nc1cc(C2CC3(CCN(C4CCC(Nc5cccc6c5C(=O)N(C5CCC(=O)NC5=O)C6=O)CC4)CC3)C2)cc(C)c1Nc1ncc2cc(-c3c(Cl)c(OC)cc(OC)c3Cl)ccc2n1,1,*c1cc(C)c(Nc2ncc3cc(-c4c(Cl)c(OC)cc(OC)c4Cl)ccc3n2)c(NC(=O)CC)c1|*c1cccc2c1C(=O)N(C1CCC(=O)NC1=O)C2=O,[*]C1CC2(CCN(C3CCC(N[*])CC3)CC2)C1,8.69
CCC(=O)Nc1cc(C2[C@H]3CC(N4CC5(CC(NC(=O)C6CN(c7cccc8c7C(=O)N(C7CCC(=O)NC7=O)C8=O)C6)C5)C4)C[C@@H]23)cc(C)c1Nc1ncc2cc(-c3c(Cl)c(OC)cc(OC)c3Cl)ccc2n1,1,*c1cc(C)c(Nc2ncc3cc(-c4c(Cl)c(OC)cc(OC)c4Cl)ccc3n2)c(NC(=O)CC)c1|*c1cccc2c1C(=O)N(C1CCC(=O)NC1=O)C2=O,[*]C1[C@H]2CC(N3CC4(CC(NC(=O)C5CN([*])C5)C4)C3)C[C@@H]12,23.21
CCC(=O)Nc1cc(C23CC2CN(C2CCN(c4cccc5c4C(=O)N(C4CCC(=O)NC4=O)C5=O)CC2)C3)cc(C)c1Nc1ncc2cc(-c3c(Cl)c(OC)cc(OC)c3Cl)ccc2n1,1,*c1cc(C)c(Nc2ncc3cc(-c4c(Cl)c(OC)cc(OC)c4Cl)ccc3n2)c(NC(=O)CC)c1|*c1cccc2c1C(=O)N(C1CCC(=O)NC1=O)C2=O,[*]C12CN(C3CCN([*])CC3)CC1C2,12.43
CCC(=O)Nc1cc(C2CCC(C3(C)C=CC(Nc4cccc5c4C(=O)N(C4CCC(=O)NC4=O)C5=O)=CC3)CC2)cc(C)c1Nc1ncc2cc(-c3c(Cl)c(OC)cc(OC)c3Cl)ccc2n1,1,*c1cc(C)c(Nc2ncc3cc(-c4c(Cl)c(OC)cc(OC)c4Cl)ccc3n2)c(NC(=O)CC)c1|*c1cccc2c1C(=O)N(C1CCC(=O)NC1=O)C2=O,[*]C1CCC(C2(C)C=CC(N[*])=CC2)CC1,17.53
CCC(=O)Nc1cc(C2CC(OC3CC(CNc4cccc5c4C(=O)N(C4CCC(=O)NC4=O)C5=O)C3)C2)cc(C)c1Nc1ncc2cc(-c3c(Cl)c(OC)cc(OC)c3Cl)ccc2n1,1,*c1cc(C)c(Nc2ncc3cc(-c4c(Cl)c(OC)cc(OC)c4Cl)ccc3n2)c(NC(=O)CC)c1|*c1cccc2c1C(=O)N(C1CCC(=O)NC1=O)C2=O,[*]C1CC(OC2CC(CN[*])C2)C1,13.93
CCC(=O)Nc1cc(C2CC3(C2)CC(N2CCN(c4cccc5c4C(=O)N(C4CCC(=O)NC4=O)C5=O)CC2)C3)cc(C)c1Nc1ncc2cc(-c3c(Cl)c(OC)cc(OC)c3Cl)ccc2n1,1,*c1cc(C)c(Nc2ncc3cc(-c4c(Cl)c(OC)cc(OC)c4Cl)ccc3n2)c(NC(=O)CC)c1|*c1cccc2c1C(=O)N(C1CCC(=O)NC1=O)C2=O,[*]C1CC2(C1)CC(N1CCN([*])CC1)C2,5.62
CCC(=O)Nc1cc(C2CC3(C2)CC(N2CCN(c4ccc5c(=O)[nH]nc([C@H]6CC[C@H](Cc7cccc8c7C(=O)N(C7CCC(=O)NC7=O)C8=O)O6)c5c4)CC2)C3)cc(C)c1Nc1ncc2cc(-c3c(Cl)c(OC)cc(OC)c3Cl)ccc2n1,1,*c1cc(C)c(Nc2ncc3cc(-c4c(Cl)c(OC)cc(OC)c4Cl)ccc3n2)c(NC(=O)CC)c1|*c1cccc2c1C(=O)N(C1CCC(=O)NC1=O)C2=O,[*]C1CC2(C1)CC(N1CCN(c3ccc4c(=O)[nH]nc([C@H]5CC[C@H](C[*])O5)c4c3)CC1)C2,33.18
CCC(=O)Nc1cc(C2[C@@H]3CC[C@@H]2CN(c2cccc4c2C(=O)N(C2CCC(=O)NC2=O)C4=O)C3)cc(C)c1Nc1ncc2cc(-c3c(Cl)c(OC)cc(OC)c3Cl)ccc2n1,1,*c1cc(C)c(Nc2ncc3cc(-c4c(Cl)c(OC)cc(OC)c4Cl)ccc3n2)c(NC(=O)CC)c1|*c1cccc2c1C(=O)N(C1CCC(=O)NC1=O)C2=O,[*]C1[C@@H]2CC[C@@H]1CN([*])C2,9.66
CCC(=O)Nc1cc(C2C3CCC2N(c2cccc4c2C(=O)N(C2CCC(=O)NC2=O)C4=O)C3)cc(C)c1Nc1ncc2cc(-c3c(Cl)c(OC)cc(OC)c3Cl)ccc2n1,1,*c1cc(C)c(Nc2ncc3cc(-c4c(Cl)c(OC)cc(OC)c4Cl)ccc3n2)c(NC(=O)CC)c1|*c1cccc2c1C(=O)N(C1CCC(=O)NC1=O)C2=O,[*]C1C2CCC1N([*])C2,6.44
CCC(=O)Nc1cc(C2C3CCC(OCC4CCC(C(=O)N5CCC(c6cccc7c6C(=O)N(C6CCC(=O)NC6=O)C7=O)CC5)CC4)CC32)cc(C)c1Nc1ncc2cc(-c3c(Cl)c(OC)cc(OC)c3Cl)ccc2n1,1,*c1cc(C)c(Nc2ncc3cc(-c4c(Cl)c(OC)cc(OC)c4Cl)ccc3n2)c(NC(=O)CC)c1|*c1cccc2c1C(=O)N(C1CCC(=O)NC1=O)C2=O,[*]C1C2CCC(OCC3CCC(C(=O)N4CCC([*])CC4)CC3)CC12,22.28
