Agent,Prior,Target,Score,SMILES,SMILES_state,Warheads,Linker,Scaffold,docking with boltz,docking with boltz (raw),dist_ub_square (docking with boltz),lgKd_ternary (docking with boltz),num_clash (docking with boltz),dist_ub (docking with boltz),ref_model (docking with boltz),step
9.9704,9.9704,47.0979,0.4458463,CCC(=O)Nc1cc(C2CCN(CC(=O)NCCCc3cccc4c3C(=O)N(C3CCC(=O)NC3=O)C4=O)CC2)cc(C)c1Nc1ncc2cc(-c3c(Cl)c(OC)cc(OC)c3Cl)ccc2n1,1,*c1cc(C)c(Nc2ncc3cc(-c4c(Cl)c(OC)cc(OC)c4Cl)ccc3n2)c(NC(=O)CC)c1|*c1cccc2c1C(=O)N(C1CCC(=O)NC1=O)C2=O,[*]C1CCN(CC(=O)NCCC[*])CC1,O=C(CN1CCC(c2ccc(Nc3ncc4cc(-c5ccccc5)ccc4n3)cc2)CC1)NCCCc1cccc2c1C(=O)N(C1CCC(=O)NC1=O)C2=O,0.4458463,0.4458,59.47900959120511,-4.134923458099365,20,7.712263584136963,model4_clean.pdb,1
6.6387,6.6387,29.3552,0.2812021,CCC(=O)Nc1cc(C2CN(CCOCCOCCNc3cccc4c3C(=O)N(C3CCC(=O)NC3=O)C4=O)C2)cc(C)c1Nc1ncc2cc(-c3c(Cl)c(OC)cc(OC)c3Cl)ccc2n1,1,*c1cc(C)c(Nc2ncc3cc(-c4c(Cl)c(OC)cc(OC)c4Cl)ccc3n2)c(NC(=O)CC)c1|*c1cccc2c1C(=O)N(C1CCC(=O)NC1=O)C2=O,[*]C1CN(CCOCCOCCN[*])C1,O=C1CCC(N2C(=O)c3cccc(NCCOCCOCCN4CC(c5ccc(Nc6ncc7cc(-c8ccccc8)ccc7n6)cc5)C4)c3C2=O)C(=O)N1,0.2812021,0.2812,32.47799637105436,-4.068061828613281,51,5.698946952819824,model3_clean.pdb,1
10.2767,10.2767,54.6145,0.5069625,CCC(=O)Nc1cc(C2CN(CNc3cccc4c3C(=O)N(C3CCC(=O)NC3=O)C4=O)C2)cc(C)c1Nc1ncc2cc(-c3c(Cl)c(OC)cc(OC)c3Cl)ccc2n1,1,*c1cc(C)c(Nc2ncc3cc(-c4c(Cl)c(OC)cc(OC)c4Cl)ccc3n2)c(NC(=O)CC)c1|*c1cccc2c1C(=O)N(C1CCC(=O)NC1=O)C2=O,[*]C1CN(CN[*])C1,O=C1CCC(N2C(=O)c3cccc(NCN4CC(c5ccc(Nc6ncc7cc(-c8ccccc8)ccc7n6)cc5)C4)c3C2=O)C(=O)N1,0.5069625,0.5070,46.11722615043641,-4.378889083862305,20,6.790966510772705,model9_clean.pdb,1
10.2015,10.2015,23.5034,0.2633199,CCC(=O)Nc1cc(CCCNC(=O)CCOCCOCCNc2cccc3c2C(=O)N(C2CCC(=O)NC2=O)C3=O)cc(C)c1Nc1ncc2cc(-c3c(Cl)c(OC)cc(OC)c3Cl)ccc2n1,1,*c1cc(C)c(Nc2ncc3cc(-c4c(Cl)c(OC)cc(OC)c4Cl)ccc3n2)c(NC(=O)CC)c1|*c1cccc2c1C(=O)N(C1CCC(=O)NC1=O)C2=O,[*]CCCNC(=O)CCOCCOCCN[*],O=C(CCOCCOCCNc1cccc2c1C(=O)N(C1CCC(=O)NC1=O)C2=O)NCCCc1ccc(Nc2ncc3cc(-c4ccccc4)ccc3n2)cc1,0.2633199,0.2633,166.37168269456106,-3.798295021057129,42,12.898514747619629,model4_clean.pdb,1
5.2075,5.2075,42.8765,0.3756563,CCC(=O)Nc1cc(N2CCC(Nc3cccc4c3C(=O)N(C3CCC(=O)NC3=O)C4=O)CC2)cc(C)c1Nc1ncc2cc(-c3c(Cl)c(OC)cc(OC)c3Cl)ccc2n1,1,*c1cc(C)c(Nc2ncc3cc(-c4c(Cl)c(OC)cc(OC)c4Cl)ccc3n2)c(NC(=O)CC)c1|*c1cccc2c1C(=O)N(C1CCC(=O)NC1=O)C2=O,[*]N1CCC(N[*])CC1,O=C1CCC(N2C(=O)c3cccc(NC4CCN(c5ccc(Nc6ncc7cc(-c8ccccc8)ccc7n6)cc5)CC4)c3C2=O)C(=O)N1,0.3756563,0.3757,16.14020985245793,-4.056480407714844,34,4.0174880027771,model9_clean.pdb,1
5.5460,5.5460,38.3033,0.3425725,CCC(=O)Nc1cc(N2CCN(C(=O)CCOCCOCCNc3cccc4c3C(=O)N(C3CCC(=O)NC3=O)C4=O)CC2)cc(C)c1Nc1ncc2cc(-c3c(Cl)c(OC)cc(OC)c3Cl)ccc2n1,1,*c1cc(C)c(Nc2ncc3cc(-c4c(Cl)c(OC)cc(OC)c4Cl)ccc3n2)c(NC(=O)CC)c1|*c1cccc2c1C(=O)N(C1CCC(=O)NC1=O)C2=O,[*]N1CCN(C(=O)CCOCCOCCN[*])CC1,O=C1CCC(N2C(=O)c3cccc(NCCOCCOCCC(=O)N4CCN(c5ccc(Nc6ncc7cc(-c8ccccc8)ccc7n6)cc5)CC4)c3C2=O)C(=O)N1,0.3425725,0.3426,25.489182456545677,-4.29280424118042,47,5.048681259155273,model3_clean.pdb,1
5.1592,5.1592,33.9410,0.3054706,CCC(=O)Nc1cc(N2CCN(CCCCCCNc3cccc4c3C(=O)N(C3CCC(=O)NC3=O)C4=O)CC2)cc(C)c1Nc1ncc2cc(-c3c(Cl)c(OC)cc(OC)c3Cl)ccc2n1,1,*c1cc(C)c(Nc2ncc3cc(-c4c(Cl)c(OC)cc(OC)c4Cl)ccc3n2)c(NC(=O)CC)c1|*c1cccc2c1C(=O)N(C1CCC(=O)NC1=O)C2=O,[*]N1CCN(CCCCCCN[*])CC1,O=C1CCC(N2C(=O)c3cccc(NCCCCCCN4CCN(c5ccc(Nc6ncc7cc(-c8ccccc8)ccc7n6)cc5)CC4)c3C2=O)C(=O)N1,0.3054706,0.3055,142.50857392795388,-4.649102210998535,50,11.937695503234863,model2_clean.pdb,1
4.6512,4.6512,43.7267,0.3779523,CCC(=O)Nc1cc(N2CCN(CCCCNc3cccc4c3C(=O)N(C3CCC(=O)NC3=O)C4=O)CC2)cc(C)c1Nc1ncc2cc(-c3c(Cl)c(OC)cc(OC)c3Cl)ccc2n1,1,*c1cc(C)c(Nc2ncc3cc(-c4c(Cl)c(OC)cc(OC)c4Cl)ccc3n2)c(NC(=O)CC)c1|*c1cccc2c1C(=O)N(C1CCC(=O)NC1=O)C2=O,[*]N1CCN(CCCCN[*])CC1,O=C1CCC(N2C(=O)c3cccc(NCCCCN4CCN(c5ccc(Nc6ncc7cc(-c8ccccc8)ccc7n6)cc5)CC4)c3C2=O)C(=O)N1,0.3779523,0.3780,11.732978185399588,-3.9225759506225586,27,3.4253435134887695,model3_clean.pdb,1
4.9412,4.9412,9.3528,0.1116717,CCC(=O)Nc1cc(N2CCN(CCOCCOCCNc3cccc4c3C(=O)N(C3CCC(=O)NC3=O)C4=O)CC2)cc(C)c1Nc1ncc2cc(-c3c(Cl)c(OC)cc(OC)c3Cl)ccc2n1,1,*c1cc(C)c(Nc2ncc3cc(-c4c(Cl)c(OC)cc(OC)c4Cl)ccc3n2)c(NC(=O)CC)c1|*c1cccc2c1C(=O)N(C1CCC(=O)NC1=O)C2=O,[*]N1CCN(CCOCCOCCN[*])CC1,O=C1CCC(N2C(=O)c3cccc(NCCOCCOCCN4CCN(c5ccc(Nc6ncc7cc(-c8ccccc8)ccc7n6)cc5)CC4)c3C2=O)C(=O)N1,0.1116717,0.1117,31.618270055638277,-4.387909889221191,98,5.623012542724609,model9_clean.pdb,1
9.8998,9.8998,24.5757,0.2693397,CCC(=O)Nc1cc(NC2CCN(CCCCCCNc3cccc4c3C(=O)N(C3CCC(=O)NC3=O)C4=O)CC2)cc(C)c1Nc1ncc2cc(-c3c(Cl)c(OC)cc(OC)c3Cl)ccc2n1,1,*c1cc(C)c(Nc2ncc3cc(-c4c(Cl)c(OC)cc(OC)c4Cl)ccc3n2)c(NC(=O)CC)c1|*c1cccc2c1C(=O)N(C1CCC(=O)NC1=O)C2=O,[*]NC1CCN(CCCCCCN[*])CC1,O=C1CCC(N2C(=O)c3cccc(NCCCCCCN4CCC(Nc5ccc(Nc6ncc7cc(-c8ccccc8)ccc7n6)cc5)CC4)c3C2=O)C(=O)N1,0.2693397,0.2693,63.72590292926384,-4.285362243652344,57,7.982850551605225,model2_clean.pdb,1
15.2089,13.1593,42.0467,0.4312969,CCC(=O)Nc1cc(C2CN(C(=O)CN3CCC(C#Cc4cccc5c4C(=O)N(C4CCC(=O)NC4=O)C5=O)CC3)C2)cc(C)c1Nc1ncc2cc(-c3c(Cl)c(OC)cc(OC)c3Cl)ccc2n1,1,*c1cc(C)c(Nc2ncc3cc(-c4c(Cl)c(OC)cc(OC)c4Cl)ccc3n2)c(NC(=O)CC)c1|*c1cccc2c1C(=O)N(C1CCC(=O)NC1=O)C2=O,[*]C1CN(C(=O)CN2CCC(C#C[*])CC2)C1,O=C1CCC(N2C(=O)c3cccc(C#CC4CCN(CC(=O)N5CC(c6ccc(Nc7ncc8cc(-c9ccccc9)ccc8n7)cc6)C5)CC4)c3C2=O)C(=O)N1,0.4312969,0.4313,101.98510058728516,-4.149023056030273,20,10.098767280578613,model2_clean.pdb,2
5.4864,6.9652,37.9200,0.3506651,CCC(=O)Nc1cc(C2CN(CCCCCNc3cccc4c3C(=O)N(C3CCC(=O)NC3=O)C4=O)C2)cc(C)c1Nc1ncc2cc(-c3c(Cl)c(OC)cc(OC)c3Cl)ccc2n1,1,*c1cc(C)c(Nc2ncc3cc(-c4c(Cl)c(OC)cc(OC)c4Cl)ccc3n2)c(NC(=O)CC)c1|*c1cccc2c1C(=O)N(C1CCC(=O)NC1=O)C2=O,[*]C1CN(CCCCCN[*])C1,O=C1CCC(N2C(=O)c3cccc(NCCCCCN4CC(c5ccc(Nc6ncc7cc(-c8ccccc8)ccc7n6)cc5)C4)c3C2=O)C(=O)N1,0.3506651,0.3507,47.66096662034761,-4.194640159606934,41,6.903692245483398,model3_clean.pdb,2
5.5821,6.8619,61.9647,0.5377078,CCC(=O)Nc1cc(C2CN(CCCCNc3cccc4c3C(=O)N(C3CCC(=O)NC3=O)C4=O)C2)cc(C)c1Nc1ncc2cc(-c3c(Cl)c(OC)cc(OC)c3Cl)ccc2n1,1,*c1cc(C)c(Nc2ncc3cc(-c4c(Cl)c(OC)cc(OC)c4Cl)ccc3n2)c(NC(=O)CC)c1|*c1cccc2c1C(=O)N(C1CCC(=O)NC1=O)C2=O,[*]C1CN(CCCCN[*])C1,O=C1CCC(N2C(=O)c3cccc(NCCCCN4CC(c5ccc(Nc6ncc7cc(-c8ccccc8)ccc7n6)cc5)C4)c3C2=O)C(=O)N1,0.5377078,0.5377,44.34636976048773,-4.4723310470581055,18,6.65930700302124,model4_clean.pdb,2
4.8193,6.2656,64.3276,0.5515096,CCC(=O)Nc1cc(C2CN(CCNc3cccc4c3C(=O)N(C3CCC(=O)NC3=O)C4=O)C2)cc(C)c1Nc1ncc2cc(-c3c(Cl)c(OC)cc(OC)c3Cl)ccc2n1,1,*c1cc(C)c(Nc2ncc3cc(-c4c(Cl)c(OC)cc(OC)c4Cl)ccc3n2)c(NC(=O)CC)c1|*c1cccc2c1C(=O)N(C1CCC(=O)NC1=O)C2=O,[*]C1CN(CCN[*])C1,O=C1CCC(N2C(=O)c3cccc(NCCN4CC(c5ccc(Nc6ncc7cc(-c8ccccc8)ccc7n6)cc5)C4)c3C2=O)C(=O)N1,0.5515096,0.5515,81.3812783946205,-4.3332719802856445,10,9.021157264709473,model3_clean.pdb,2
4.2480,6.4671,31.1880,0.2941798,CCC(=O)Nc1cc(CCOCCOCCNc2cccc3c2C(=O)N(C2CCC(=O)NC2=O)C3=O)cc(C)c1Nc1ncc2cc(-c3c(Cl)c(OC)cc(OC)c3Cl)ccc2n1,1,*c1cc(C)c(Nc2ncc3cc(-c4c(Cl)c(OC)cc(OC)c4Cl)ccc3n2)c(NC(=O)CC)c1|*c1cccc2c1C(=O)N(C1CCC(=O)NC1=O)C2=O,[*]CCOCCOCCN[*],O=C1CCC(N2C(=O)c3cccc(NCCOCCOCCc4ccc(Nc5ncc6cc(-c7ccccc7)ccc6n5)cc4)c3C2=O)C(=O)N1,0.2941798,0.2942,35.84111997570858,-4.107682228088379,50,5.986745357513428,model3_clean.pdb,2
4.4779,7.5407,35.4571,0.3359201,CCC(=O)Nc1cc(CCOCCOCCOCCNc2cccc3c2C(=O)N(C2CCC(=O)NC2=O)C3=O)cc(C)c1Nc1ncc2cc(-c3c(Cl)c(OC)cc(OC)c3Cl)ccc2n1,1,*c1cc(C)c(Nc2ncc3cc(-c4c(Cl)c(OC)cc(OC)c4Cl)ccc3n2)c(NC(=O)CC)c1|*c1cccc2c1C(=O)N(C1CCC(=O)NC1=O)C2=O,[*]CCOCCOCCOCCN[*],O=C1CCC(N2C(=O)c3cccc(NCCOCCOCCOCCc4ccc(Nc5ncc6cc(-c7ccccc7)ccc6n5)cc4)c3C2=O)C(=O)N1,0.3359201,0.3359,31.019388336472048,-4.039508819580078,40,5.569505214691162,model3_clean.pdb,2
5.8575,8.6650,33.7570,0.3314215,CCC(=O)Nc1cc(CCc2cccc3c2C(=O)N(C2CCC(=O)NC2=O)C3=O)cc(C)c1Nc1ncc2cc(-c3c(Cl)c(OC)cc(OC)c3Cl)ccc2n1,1,*c1cc(C)c(Nc2ncc3cc(-c4c(Cl)c(OC)cc(OC)c4Cl)ccc3n2)c(NC(=O)CC)c1|*c1cccc2c1C(=O)N(C1CCC(=O)NC1=O)C2=O,[*]CC[*],O=C1CCC(N2C(=O)c3cccc(CCc4ccc(Nc5ncc6cc(-c7ccccc7)ccc6n5)cc4)c3C2=O)C(=O)N1,0.3314215,0.3314,69.23870935897867,-4.12363338470459,41,8.320980072021484,model3_clean.pdb,2
6.7801,7.8705,40.2496,0.3759384,CCC(=O)Nc1cc(N2CCC(Nc3cccc4c3C(=O)N(C3CCC(=O)NC3=O)C4=O)C2)cc(C)c1Nc1ncc2cc(-c3c(Cl)c(OC)cc(OC)c3Cl)ccc2n1,1,*c1cc(C)c(Nc2ncc3cc(-c4c(Cl)c(OC)cc(OC)c4Cl)ccc3n2)c(NC(=O)CC)c1|*c1cccc2c1C(=O)N(C1CCC(=O)NC1=O)C2=O,[*]N1CCC(N[*])C1,O=C1CCC(N2C(=O)c3cccc(NC4CCN(c5ccc(Nc6ncc7cc(-c8ccccc8)ccc7n6)cc5)C4)c3C2=O)C(=O)N1,0.3759384,0.3759,69.56166335387479,-4.245359420776367,36,8.340363502502441,model3_clean.pdb,2
5.3632,4.8108,17.6968,0.1758405,CCC(=O)Nc1cc(N2CCN(CCCCCNc3cccc4c3C(=O)N(C3CCC(=O)NC3=O)C4=O)CC2)cc(C)c1Nc1ncc2cc(-c3c(Cl)c(OC)cc(OC)c3Cl)ccc2n1,1,*c1cc(C)c(Nc2ncc3cc(-c4c(Cl)c(OC)cc(OC)c4Cl)ccc3n2)c(NC(=O)CC)c1|*c1cccc2c1C(=O)N(C1CCC(=O)NC1=O)C2=O,[*]N1CCN(CCCCCN[*])CC1,O=C1CCC(N2C(=O)c3cccc(NCCCCCN4CCN(c5ccc(Nc6ncc7cc(-c8ccccc8)ccc7n6)cc5)CC4)c3C2=O)C(=O)N1,0.1758405,0.1758,19.353828769454594,-4.092275142669678,78,4.399298667907715,model9_clean.pdb,2
5.1315,4.3294,35.2059,0.3088694,CCC(=O)Nc1cc(N2CCN(CCCNc3cccc4c3C(=O)N(C3CCC(=O)NC3=O)C4=O)CC2)cc(C)c1Nc1ncc2cc(-c3c(Cl)c(OC)cc(OC)c3Cl)ccc2n1,1,*c1cc(C)c(Nc2ncc3cc(-c4c(Cl)c(OC)cc(OC)c4Cl)ccc3n2)c(NC(=O)CC)c1|*c1cccc2c1C(=O)N(C1CCC(=O)NC1=O)C2=O,[*]N1CCN(CCCN[*])CC1,O=C1CCC(N2C(=O)c3cccc(NCCCN4CCN(c5ccc(Nc6ncc7cc(-c8ccccc8)ccc7n6)cc5)CC4)c3C2=O)C(=O)N1,0.3088694,0.3089,25.953148699136364,-4.059480667114258,47,5.094423294067383,model3_clean.pdb,2
5.3030,8.9449,47.0794,0.4376899,CCC(=O)Nc1cc(C2(CNc3cccc4c3C(=O)N(C3CCC(=O)NC3=O)C4=O)CC2)cc(C)c1Nc1ncc2cc(-c3c(Cl)c(OC)cc(OC)c3Cl)ccc2n1,1,*c1cc(C)c(Nc2ncc3cc(-c4c(Cl)c(OC)cc(OC)c4Cl)ccc3n2)c(NC(=O)CC)c1|*c1cccc2c1C(=O)N(C1CCC(=O)NC1=O)C2=O,[*]C1(CN[*])CC1,O=C1CCC(N2C(=O)c3cccc(NCC4(c5ccc(Nc6ncc7cc(-c8ccccc8)ccc7n6)cc5)CC4)c3C2=O)C(=O)N1,0.4376899,0.4377,103.89166606828803,-4.33781099319458,26,10.192726135253906,model2_clean.pdb,3
8.4201,7.8057,39.3890,0.3687085,CCC(=O)Nc1cc(C2CCN(C(=O)COCCOCCOCCNc3cccc4c3C(=O)N(C3CCC(=O)NC3=O)C4=O)CC2)cc(C)c1Nc1ncc2cc(-c3c(Cl)c(OC)cc(OC)c3Cl)ccc2n1,1,*c1cc(C)c(Nc2ncc3cc(-c4c(Cl)c(OC)cc(OC)c4Cl)ccc3n2)c(NC(=O)CC)c1|*c1cccc2c1C(=O)N(C1CCC(=O)NC1=O)C2=O,[*]C1CCN(C(=O)COCCOCCOCCN[*])CC1,O=C1CCC(N2C(=O)c3cccc(NCCOCCOCCOCC(=O)N4CCC(c5ccc(Nc6ncc7cc(-c8ccccc8)ccc7n6)cc5)CC4)c3C2=O)C(=O)N1,0.3687085,0.3687,115.96265325304648,-4.014383316040039,26,10.768595695495605,model4_clean.pdb,3
5.3713,5.4698,37.6323,0.3367356,CCC(=O)Nc1cc(C2CCN(CCCCNc3cccc4c3C(=O)N(C3CCC(=O)NC3=O)C4=O)CC2)cc(C)c1Nc1ncc2cc(-c3c(Cl)c(OC)cc(OC)c3Cl)ccc2n1,1,*c1cc(C)c(Nc2ncc3cc(-c4c(Cl)c(OC)cc(OC)c4Cl)ccc3n2)c(NC(=O)CC)c1|*c1cccc2c1C(=O)N(C1CCC(=O)NC1=O)C2=O,[*]C1CCN(CCCCN[*])CC1,O=C1CCC(N2C(=O)c3cccc(NCCCCN4CCC(c5ccc(Nc6ncc7cc(-c8ccccc8)ccc7n6)cc5)CC4)c3C2=O)C(=O)N1,0.3367356,0.3367,41.030857033576694,-4.186479568481445,45,6.405533313751221,model3_clean.pdb,3
12.8017,17.7500,15.0319,0.2561083,CCC(=O)Nc1cc(C2CN(CCCCCOCCCCCCc3cccc4c3C(=O)N(C3CCC(=O)NC3=O)C4=O)C2)cc(C)c1Nc1ncc2cc(-c3c(Cl)c(OC)cc(OC)c3Cl)ccc2n1,1,*c1cc(C)c(Nc2ncc3cc(-c4c(Cl)c(OC)cc(OC)c4Cl)ccc3n2)c(NC(=O)CC)c1|*c1cccc2c1C(=O)N(C1CCC(=O)NC1=O)C2=O,[*]C1CN(CCCCCOCCCCCC[*])C1,O=C1CCC(N2C(=O)c3cccc(CCCCCCOCCCCCN4CC(c5ccc(Nc6ncc7cc(-c8ccccc8)ccc7n6)cc5)C4)c3C2=O)C(=O)N1,0.2561083,0.2561,67.60765313884258,-3.8850269317626953,50,8.222387313842773,model2_clean.pdb,3
3.6173,6.4860,50.4111,0.4445086,CCC(=O)Nc1cc(C2CN(CCCNc3cccc4c3C(=O)N(C3CCC(=O)NC3=O)C4=O)C2)cc(C)c1Nc1ncc2cc(-c3c(Cl)c(OC)cc(OC)c3Cl)ccc2n1,1,*c1cc(C)c(Nc2ncc3cc(-c4c(Cl)c(OC)cc(OC)c4Cl)ccc3n2)c(NC(=O)CC)c1|*c1cccc2c1C(=O)N(C1CCC(=O)NC1=O)C2=O,[*]C1CN(CCCN[*])C1,O=C1CCC(N2C(=O)c3cccc(NCCCN4CC(c5ccc(Nc6ncc7cc(-c8ccccc8)ccc7n6)cc5)C4)c3C2=O)C(=O)N1,0.4445086,0.4445,41.03560370270225,-4.438116073608398,31,6.4059038162231445,model3_clean.pdb,3
3.1499,7.0670,46.4943,0.4184476,CCC(=O)Nc1cc(C2CN(c3cccc4c3C(=O)N(C3CCC(=O)NC3=O)C4=O)C2)cc(C)c1Nc1ncc2cc(-c3c(Cl)c(OC)cc(OC)c3Cl)ccc2n1,1,*c1cc(C)c(Nc2ncc3cc(-c4c(Cl)c(OC)cc(OC)c4Cl)ccc3n2)c(NC(=O)CC)c1|*c1cccc2c1C(=O)N(C1CCC(=O)NC1=O)C2=O,[*]C1CN([*])C1,O=C1CCC(N2C(=O)c3cccc(N4CC(c5ccc(Nc6ncc7cc(-c8ccccc8)ccc7n6)cc5)C4)c3C2=O)C(=O)N1,0.4184476,0.4184,38.40291570958493,-4.0772809982299805,23,6.1970086097717285,model3_clean.pdb,3
11.2798,10.1518,58.1159,0.5333409,CCC(=O)Nc1cc(CC2CN(C(=O)CCNc3cccc4c3C(=O)N(C3CCC(=O)NC3=O)C4=O)C2)cc(C)c1Nc1ncc2cc(-c3c(Cl)c(OC)cc(OC)c3Cl)ccc2n1,1,*c1cc(C)c(Nc2ncc3cc(-c4c(Cl)c(OC)cc(OC)c4Cl)ccc3n2)c(NC(=O)CC)c1|*c1cccc2c1C(=O)N(C1CCC(=O)NC1=O)C2=O,[*]CC1CN(C(=O)CCN[*])C1,O=C1CCC(N2C(=O)c3cccc(NCCC(=O)N4CC(Cc5ccc(Nc6ncc7cc(-c8ccccc8)ccc7n6)cc5)C4)c3C2=O)C(=O)N1,0.5333409,0.5333,49.46291450586068,-4.593712329864502,19,7.032987594604492,model4_clean.pdb,3
12.2614,9.1626,34.9790,0.3448566,CCC(=O)Nc1cc(N2CCC(N(C)C(=O)CCOCCOCCNc3cccc4c3C(=O)N(C3CCC(=O)NC3=O)C4=O)CC2)cc(C)c1Nc1ncc2cc(-c3c(Cl)c(OC)cc(OC)c3Cl)ccc2n1,1,*c1cc(C)c(Nc2ncc3cc(-c4c(Cl)c(OC)cc(OC)c4Cl)ccc3n2)c(NC(=O)CC)c1|*c1cccc2c1C(=O)N(C1CCC(=O)NC1=O)C2=O,[*]N1CCC(N(C)C(=O)CCOCCOCCN[*])CC1,O=C1CCC(N2C(=O)c3cccc(NCCOCCOCCC(=O)NC4CCN(c5ccc(Nc6ncc7cc(-c8ccccc8)ccc7n6)cc5)CC4)c3C2=O)C(=O)N1,0.3448566,0.3449,87.26296827780607,-4.030599594116211,34,9.34146499633789,model3_clean.pdb,3
5.9389,5.8298,27.2861,0.2587179,CCC(=O)Nc1cc(N2CCN(CCCCCCCNc3cccc4c3C(=O)N(C3CCC(=O)NC3=O)C4=O)CC2)cc(C)c1Nc1ncc2cc(-c3c(Cl)c(OC)cc(OC)c3Cl)ccc2n1,1,*c1cc(C)c(Nc2ncc3cc(-c4c(Cl)c(OC)cc(OC)c4Cl)ccc3n2)c(NC(=O)CC)c1|*c1cccc2c1C(=O)N(C1CCC(=O)NC1=O)C2=O,[*]N1CCN(CCCCCCCN[*])CC1,O=C1CCC(N2C(=O)c3cccc(NCCCCCCCN4CCN(c5ccc(Nc6ncc7cc(-c8ccccc8)ccc7n6)cc5)CC4)c3C2=O)C(=O)N1,0.2587179,0.2587,6.618722847134961,-4.035678863525391,57,2.572687864303589,model9_clean.pdb,3
4.4468,4.9412,9.3528,0.1116717,CCC(=O)Nc1cc(N2CCN(CCOCCOCCNc3cccc4c3C(=O)N(C3CCC(=O)NC3=O)C4=O)CC2)cc(C)c1Nc1ncc2cc(-c3c(Cl)c(OC)cc(OC)c3Cl)ccc2n1,1,*c1cc(C)c(Nc2ncc3cc(-c4c(Cl)c(OC)cc(OC)c4Cl)ccc3n2)c(NC(=O)CC)c1|*c1cccc2c1C(=O)N(C1CCC(=O)NC1=O)C2=O,[*]N1CCN(CCOCCOCCN[*])CC1,O=C1CCC(N2C(=O)c3cccc(NCCOCCOCCN4CCN(c5ccc(Nc6ncc7cc(-c8ccccc8)ccc7n6)cc5)CC4)c3C2=O)C(=O)N1,0.1116717,0.1117,31.618270055638277,-4.387909889221191,98,5.623012542724609,model9_clean.pdb,3
6.0554,6.5894,21.6607,0.2207040,CCC(=O)Nc1cc(C2CCN(CCCCCCCNc3cccc4c3C(=O)N(C3CCC(=O)NC3=O)C4=O)CC2)cc(C)c1Nc1ncc2cc(-c3c(Cl)c(OC)cc(OC)c3Cl)ccc2n1,1,*c1cc(C)c(Nc2ncc3cc(-c4c(Cl)c(OC)cc(OC)c4Cl)ccc3n2)c(NC(=O)CC)c1|*c1cccc2c1C(=O)N(C1CCC(=O)NC1=O)C2=O,[*]C1CCN(CCCCCCCN[*])CC1,O=C1CCC(N2C(=O)c3cccc(NCCCCCCCN4CCC(c5ccc(Nc6ncc7cc(-c8ccccc8)ccc7n6)cc5)CC4)c3C2=O)C(=O)N1,0.2207040,0.2207,4.14649804197785,-3.8361635208129883,62,2.036295175552368,model9_clean.pdb,4
12.8716,14.0838,14.3148,0.2218642,CCC(=O)Nc1cc(C2CCN(CCOCCOCCCC#Cc3cccc4c3C(=O)N(C3CCC(=O)NC3=O)C4=O)CC2)cc(C)c1Nc1ncc2cc(-c3c(Cl)c(OC)cc(OC)c3Cl)ccc2n1,1,*c1cc(C)c(Nc2ncc3cc(-c4c(Cl)c(OC)cc(OC)c4Cl)ccc3n2)c(NC(=O)CC)c1|*c1cccc2c1C(=O)N(C1CCC(=O)NC1=O)C2=O,[*]C1CCN(CCOCCOCCCC#C[*])CC1,O=C1CCC(N2C(=O)c3cccc(C#CCCCOCCOCCN4CCC(c5ccc(Nc6ncc7cc(-c8ccccc8)ccc7n6)cc5)CC4)c3C2=O)C(=O)N1,0.2218642,0.2219,44.99262217470914,-3.7847189903259277,57,6.707653999328613,model3_clean.pdb,4
3.6781,7.4826,11.4853,0.1481873,CCC(=O)Nc1cc(C2CN(C3CN(c4cccc5c4C(=O)N(C4CCC(=O)NC4=O)C5=O)C3)C2)cc(C)c1Nc1ncc2cc(-c3c(Cl)c(OC)cc(OC)c3Cl)ccc2n1,1,*c1cc(C)c(Nc2ncc3cc(-c4c(Cl)c(OC)cc(OC)c4Cl)ccc3n2)c(NC(=O)CC)c1|*c1cccc2c1C(=O)N(C1CCC(=O)NC1=O)C2=O,[*]C1CN(C2CN([*])C2)C1,O=C1CCC(N2C(=O)c3cccc(N4CC(N5CC(c6ccc(Nc7ncc8cc(-c9ccccc9)ccc8n7)cc6)C5)C4)c3C2=O)C(=O)N1,0.1481873,0.1482,153.85841860644086,-4.442885398864746,85,12.40396785736084,model9_clean.pdb,4
3.4295,6.4860,-6.4860,0.0000000,CCC(=O)Nc1cc(C2CN(CCCNc3cccc4c3C(=O)N(C3CCC(=O)NC3=O)C4=O)C2)cc(C)c1Nc1ncc2cc(-c3c(Cl)c(OC)cc(OC)c3Cl)ccc2n1,1,*c1cc(C)c(Nc2ncc3cc(-c4c(Cl)c(OC)cc(OC)c4Cl)ccc3n2)c(NC(=O)CC)c1|*c1cccc2c1C(=O)N(C1CCC(=O)NC1=O)C2=O,[*]C1CN(CCCN[*])C1,O=C1CCC(N2C(=O)c3cccc(NCCCN4CC(c5ccc(Nc6ncc7cc(-c8ccccc8)ccc7n6)cc5)C4)c3C2=O)C(=O)N1,0.4445086,0.4445,41.03560370270225,-4.438116073608398,31,6.4059038162231445,model3_clean.pdb,4
2.8964,7.0670,-7.0670,0.0000000,CCC(=O)Nc1cc(C2CN(c3cccc4c3C(=O)N(C3CCC(=O)NC3=O)C4=O)C2)cc(C)c1Nc1ncc2cc(-c3c(Cl)c(OC)cc(OC)c3Cl)ccc2n1,1,*c1cc(C)c(Nc2ncc3cc(-c4c(Cl)c(OC)cc(OC)c4Cl)ccc3n2)c(NC(=O)CC)c1|*c1cccc2c1C(=O)N(C1CCC(=O)NC1=O)C2=O,[*]C1CN([*])C1,O=C1CCC(N2C(=O)c3cccc(N4CC(c5ccc(Nc6ncc7cc(-c8ccccc8)ccc7n6)cc5)C4)c3C2=O)C(=O)N1,0.4184476,0.4184,38.40291570958493,-4.0772809982299805,23,6.1970086097717285,model3_clean.pdb,4
9.9795,11.7165,24.1873,0.2804986,CCC(=O)Nc1cc(C2CN(c3cccc4c3C(=O)N(C3CCC(=O)NC3=O)C4=O)CCO2)cc(C)c1Nc1ncc2cc(-c3c(Cl)c(OC)cc(OC)c3Cl)ccc2n1,1,*c1cc(C)c(Nc2ncc3cc(-c4c(Cl)c(OC)cc(OC)c4Cl)ccc3n2)c(NC(=O)CC)c1|*c1cccc2c1C(=O)N(C1CCC(=O)NC1=O)C2=O,[*]C1CN([*])CCO1,O=C1CCC(N2C(=O)c3cccc(N4CCOC(c5ccc(Nc6ncc7cc(-c8ccccc8)ccc7n6)cc5)C4)c3C2=O)C(=O)N1,0.2804986,0.2805,4.395368896565799,-4.047024250030518,53,2.096513509750366,model9_clean.pdb,4
5.3556,4.9412,9.3528,0.1116717,CCC(=O)Nc1cc(N2CCN(CCOCCOCCNc3cccc4c3C(=O)N(C3CCC(=O)NC3=O)C4=O)CC2)cc(C)c1Nc1ncc2cc(-c3c(Cl)c(OC)cc(OC)c3Cl)ccc2n1,1,*c1cc(C)c(Nc2ncc3cc(-c4c(Cl)c(OC)cc(OC)c4Cl)ccc3n2)c(NC(=O)CC)c1|*c1cccc2c1C(=O)N(C1CCC(=O)NC1=O)C2=O,[*]N1CCN(CCOCCOCCN[*])CC1,O=C1CCC(N2C(=O)c3cccc(NCCOCCOCCN4CCN(c5ccc(Nc6ncc7cc(-c8ccccc8)ccc7n6)cc5)CC4)c3C2=O)C(=O)N1,0.1116717,0.1117,31.618270055638277,-4.387909889221191,98,5.623012542724609,model9_clean.pdb,4
9.8896,10.6413,19.2372,0.2334260,CCC(=O)Nc1cc(C2CCN(C3CCC(CNc4cccc5c4C(=O)N(C4CCC(=O)NC4=O)C5=O)CC3)CC2)cc(C)c1Nc1ncc2cc(-c3c(Cl)c(OC)cc(OC)c3Cl)ccc2n1,1,*c1cc(C)c(Nc2ncc3cc(-c4c(Cl)c(OC)cc(OC)c4Cl)ccc3n2)c(NC(=O)CC)c1|*c1cccc2c1C(=O)N(C1CCC(=O)NC1=O)C2=O,[*]C1CCN(C2CCC(CN[*])CC2)CC1,O=C1CCC(N2C(=O)c3cccc(NCC4CCC(N5CCC(c6ccc(Nc7ncc8cc(-c9ccccc9)ccc8n7)cc6)CC5)CC4)c3C2=O)C(=O)N1,0.2334260,0.2334,15.991812799934962,-3.816889762878418,57,3.998976469039917,model9_clean.pdb,5
6.5626,8.9496,52.3310,0.4787549,CCC(=O)Nc1cc(C2CCN(c3cccc4c3C(=O)N(C3CCC(=O)NC3=O)C4=O)C2)cc(C)c1Nc1ncc2cc(-c3c(Cl)c(OC)cc(OC)c3Cl)ccc2n1,1,*c1cc(C)c(Nc2ncc3cc(-c4c(Cl)c(OC)cc(OC)c4Cl)ccc3n2)c(NC(=O)CC)c1|*c1cccc2c1C(=O)N(C1CCC(=O)NC1=O)C2=O,[*]C1CCN([*])C1,O=C1CCC(N2C(=O)c3cccc(N4CCC(c5ccc(Nc6ncc7cc(-c8ccccc8)ccc7n6)cc5)C4)c3C2=O)C(=O)N1,0.4787549,0.4788,147.9596603149921,-4.174800395965576,10,12.163866996765137,model4_clean.pdb,5
9.3422,8.6171,0.8203,0.0737290,CCC(=O)Nc1cc(C2CN(C(=O)CCN3CCN(c4cccc5c4C(=O)N(C4CCC(=O)NC4=O)C5=O)CC3)C2)cc(C)c1Nc1ncc2cc(-c3c(Cl)c(OC)cc(OC)c3Cl)ccc2n1,1,*c1cc(C)c(Nc2ncc3cc(-c4c(Cl)c(OC)cc(OC)c4Cl)ccc3n2)c(NC(=O)CC)c1|*c1cccc2c1C(=O)N(C1CCC(=O)NC1=O)C2=O,[*]C1CN(C(=O)CCN2CCN([*])CC2)C1,O=C1CCC(N2C(=O)c3cccc(N4CCN(CCC(=O)N5CC(c6ccc(Nc7ncc8cc(-c9ccccc9)ccc8n7)cc6)C5)CC4)c3C2=O)C(=O)N1,0.0737290,0.0737,29.871193748549786,-4.078479290008545,110,5.465454578399658,model9_clean.pdb,5
5.8856,6.2809,32.0224,0.2992442,CCC(=O)Nc1cc(C2CN(C(=O)CCNc3cccc4c3C(=O)N(C3CCC(=O)NC3=O)C4=O)C2)cc(C)c1Nc1ncc2cc(-c3c(Cl)c(OC)cc(OC)c3Cl)ccc2n1,1,*c1cc(C)c(Nc2ncc3cc(-c4c(Cl)c(OC)cc(OC)c4Cl)ccc3n2)c(NC(=O)CC)c1|*c1cccc2c1C(=O)N(C1CCC(=O)NC1=O)C2=O,[*]C1CN(C(=O)CCN[*])C1,O=C1CCC(N2C(=O)c3cccc(NCCC(=O)N4CC(c5ccc(Nc6ncc7cc(-c8ccccc8)ccc7n6)cc5)C4)c3C2=O)C(=O)N1,0.2992442,0.2992,23.150161272032165,-4.277076721191406,54,4.811461448669434,model3_clean.pdb,5
18.2248,21.9832,0.0211,0.1719078,CCC(=O)Nc1cc(C2CN(C)C3(C2)CN(CCc2cccc4c2C(=O)N(C2CCC(=O)NC2=O)C4=O)C3)cc(C)c1Nc1ncc2cc(-c3c(Cl)c(OC)cc(OC)c3Cl)ccc2n1,1,*c1cc(C)c(Nc2ncc3cc(-c4c(Cl)c(OC)cc(OC)c4Cl)ccc3n2)c(NC(=O)CC)c1|*c1cccc2c1C(=O)N(C1CCC(=O)NC1=O)C2=O,[*]C1CN(C)C2(CN(CC[*])C2)C1,O=C1CCC(N2C(=O)c3cccc(CCN4CC5(CC(c6ccc(Nc7ncc8cc(-c9ccccc9)ccc8n7)cc6)CN5)C4)c3C2=O)C(=O)N1,0.1719078,0.1719,126.98084057919914,-4.5902204513549805,80,11.268577575683594,model9_clean.pdb,5
9.2670,12.0607,35.7560,0.3735677,CCC(=O)Nc1cc(C2CN(C3CCN(C4CN(c5cccc6c5C(=O)N(C5CCC(=O)NC5=O)C6=O)C4)CC3)C2)cc(C)c1Nc1ncc2cc(-c3c(Cl)c(OC)cc(OC)c3Cl)ccc2n1,1,*c1cc(C)c(Nc2ncc3cc(-c4c(Cl)c(OC)cc(OC)c4Cl)ccc3n2)c(NC(=O)CC)c1|*c1cccc2c1C(=O)N(C1CCC(=O)NC1=O)C2=O,[*]C1CN(C2CCN(C3CN([*])C3)CC2)C1,O=C1CCC(N2C(=O)c3cccc(N4CC(N5CCC(N6CC(c7ccc(Nc8ncc9cc(-c%10ccccc%10)ccc9n8)cc7)C6)CC5)C4)c3C2=O)C(=O)N1,0.3735677,0.3736,51.007655999052304,-4.139106750488281,35,7.141964435577393,model2_clean.pdb,5
10.7564,12.2678,57.8069,0.5474587,CCC(=O)Nc1cc(C2CN(CCOCC(=O)NCCOCCNc3cccc4c3C(=O)N(C3CCC(=O)NC3=O)C4=O)C2)cc(C)c1Nc1ncc2cc(-c3c(Cl)c(OC)cc(OC)c3Cl)ccc2n1,1,*c1cc(C)c(Nc2ncc3cc(-c4c(Cl)c(OC)cc(OC)c4Cl)ccc3n2)c(NC(=O)CC)c1|*c1cccc2c1C(=O)N(C1CCC(=O)NC1=O)C2=O,[*]C1CN(CCOCC(=O)NCCOCCN[*])C1,O=C(COCCN1CC(c2ccc(Nc3ncc4cc(-c5ccccc5)ccc4n3)cc2)C1)NCCOCCNc1cccc2c1C(=O)N(C1CCC(=O)NC1=O)C2=O,0.5474587,0.5475,101.93972467001095,-4.434746265411377,11,10.09652042388916,model3_clean.pdb,5
4.5503,6.2099,61.6741,0.5303439,CCC(=O)Nc1cc(C2CN(CCOCCNc3cccc4c3C(=O)N(C3CCC(=O)NC3=O)C4=O)C2)cc(C)c1Nc1ncc2cc(-c3c(Cl)c(OC)cc(OC)c3Cl)ccc2n1,1,*c1cc(C)c(Nc2ncc3cc(-c4c(Cl)c(OC)cc(OC)c4Cl)ccc3n2)c(NC(=O)CC)c1|*c1cccc2c1C(=O)N(C1CCC(=O)NC1=O)C2=O,[*]C1CN(CCOCCN[*])C1,O=C1CCC(N2C(=O)c3cccc(NCCOCCN4CC(c5ccc(Nc6ncc7cc(-c8ccccc8)ccc7n6)cc5)C4)c3C2=O)C(=O)N1,0.5303439,0.5303,159.65566629081513,-4.236419677734375,2,12.635492324829102,model12_clean.pdb,5
7.9408,13.1072,46.2330,0.4635946,CCC(=O)Nc1cc(C2CN(CCOCCOCCCCc3cccc4c3C(=O)N(C3CCC(=O)NC3=O)C4=O)C2)cc(C)c1Nc1ncc2cc(-c3c(Cl)c(OC)cc(OC)c3Cl)ccc2n1,1,*c1cc(C)c(Nc2ncc3cc(-c4c(Cl)c(OC)cc(OC)c4Cl)ccc3n2)c(NC(=O)CC)c1|*c1cccc2c1C(=O)N(C1CCC(=O)NC1=O)C2=O,[*]C1CN(CCOCCOCCCC[*])C1,O=C1CCC(N2C(=O)c3cccc(CCCCOCCOCCN4CC(c5ccc(Nc6ncc7cc(-c8ccccc8)ccc7n6)cc5)C4)c3C2=O)C(=O)N1,0.4635946,0.4636,90.04500027286122,-4.266815662384033,20,9.489204406738281,model3_clean.pdb,5
2.5104,7.0670,-7.0670,0.0000000,CCC(=O)Nc1cc(C2CN(c3cccc4c3C(=O)N(C3CCC(=O)NC3=O)C4=O)C2)cc(C)c1Nc1ncc2cc(-c3c(Cl)c(OC)cc(OC)c3Cl)ccc2n1,1,*c1cc(C)c(Nc2ncc3cc(-c4c(Cl)c(OC)cc(OC)c4Cl)ccc3n2)c(NC(=O)CC)c1|*c1cccc2c1C(=O)N(C1CCC(=O)NC1=O)C2=O,[*]C1CN([*])C1,O=C1CCC(N2C(=O)c3cccc(N4CC(c5ccc(Nc6ncc7cc(-c8ccccc8)ccc7n6)cc5)C4)c3C2=O)C(=O)N1,0.4184476,0.4184,38.40291570958493,-4.0772809982299805,23,6.1970086097717285,model3_clean.pdb,5
15.8649,19.3727,27.9319,0.3695671,CCC(=O)Nc1cc(C2(CN(C)CCCOC3CCN(c4cccc5c4C(=O)N(C4CCC(=O)NC4=O)C5=O)CC3)COC2)cc(C)c1Nc1ncc2cc(-c3c(Cl)c(OC)cc(OC)c3Cl)ccc2n1,1,*c1cc(C)c(Nc2ncc3cc(-c4c(Cl)c(OC)cc(OC)c4Cl)ccc3n2)c(NC(=O)CC)c1|*c1cccc2c1C(=O)N(C1CCC(=O)NC1=O)C2=O,[*]C1(CN(C)CCCOC2CCN([*])CC2)COC1,O=C1CCC(N2C(=O)c3cccc(N4CCC(OCCCNCC5(c6ccc(Nc7ncc8cc(-c9ccccc9)ccc8n7)cc6)COC5)CC4)c3C2=O)C(=O)N1,0.3695671,0.3696,167.64939391057942,-4.009670257568359,22,12.947949409484863,model2_clean.pdb,6
4.3606,8.9449,-8.9449,0.0000000,CCC(=O)Nc1cc(C2(CNc3cccc4c3C(=O)N(C3CCC(=O)NC3=O)C4=O)CC2)cc(C)c1Nc1ncc2cc(-c3c(Cl)c(OC)cc(OC)c3Cl)ccc2n1,1,*c1cc(C)c(Nc2ncc3cc(-c4c(Cl)c(OC)cc(OC)c4Cl)ccc3n2)c(NC(=O)CC)c1|*c1cccc2c1C(=O)N(C1CCC(=O)NC1=O)C2=O,[*]C1(CN[*])CC1,O=C1CCC(N2C(=O)c3cccc(NCC4(c5ccc(Nc6ncc7cc(-c8ccccc8)ccc7n6)cc5)CC4)c3C2=O)C(=O)N1,0.4376899,0.4377,103.89166606828803,-4.33781099319458,26,10.192726135253906,model2_clean.pdb,6
12.8324,16.1813,34.0354,0.3923183,CCC(=O)Nc1cc(C2(F)CCN(CCCCc3cccc4c3C(=O)N(C3CCC(=O)NC3=O)C4=O)CC2)cc(C)c1Nc1ncc2cc(-c3c(Cl)c(OC)cc(OC)c3Cl)ccc2n1,1,*c1cc(C)c(Nc2ncc3cc(-c4c(Cl)c(OC)cc(OC)c4Cl)ccc3n2)c(NC(=O)CC)c1|*c1cccc2c1C(=O)N(C1CCC(=O)NC1=O)C2=O,[*]C1(F)CCN(CCCC[*])CC1,O=C1CCC(N2C(=O)c3cccc(CCCCN4CCC(c5ccc(Nc6ncc7cc(-c8ccccc8)ccc7n6)cc5)CC4)c3C2=O)C(=O)N1,0.3923183,0.3923,31.622785460903287,-4.383426666259766,39,5.623414039611816,model3_clean.pdb,6
10.7417,12.5418,1.5617,0.1101836,CCC(=O)Nc1cc(C2CC(N3CCN(CCCCc4cccc5c4C(=O)N(C4CCC(=O)NC4=O)C5=O)CC3)C2)cc(C)c1Nc1ncc2cc(-c3c(Cl)c(OC)cc(OC)c3Cl)ccc2n1,1,*c1cc(C)c(Nc2ncc3cc(-c4c(Cl)c(OC)cc(OC)c4Cl)ccc3n2)c(NC(=O)CC)c1|*c1cccc2c1C(=O)N(C1CCC(=O)NC1=O)C2=O,[*]C1CC(N2CCN(CCCC[*])CC2)C1,O=C1CCC(N2C(=O)c3cccc(CCCCN4CCN(C5CC(c6ccc(Nc7ncc8cc(-c9ccccc9)ccc8n7)cc6)C5)CC4)c3C2=O)C(=O)N1,0.1101836,0.1102,24.928639862686396,-4.282946586608887,99,4.99285888671875,model9_clean.pdb,6
10.9178,9.9379,12.9520,0.1788274,CCC(=O)Nc1cc(C2CCN(C(=O)CCCCCOCCCNc3cccc4c3C(=O)N(C3CCC(=O)NC3=O)C4=O)CC2)cc(C)c1Nc1ncc2cc(-c3c(Cl)c(OC)cc(OC)c3Cl)ccc2n1,1,*c1cc(C)c(Nc2ncc3cc(-c4c(Cl)c(OC)cc(OC)c4Cl)ccc3n2)c(NC(=O)CC)c1|*c1cccc2c1C(=O)N(C1CCC(=O)NC1=O)C2=O,[*]C1CCN(C(=O)CCCCCOCCCN[*])CC1,O=C1CCC(N2C(=O)c3cccc(NCCCOCCCCCC(=O)N4CCC(c5ccc(Nc6ncc7cc(-c8ccccc8)ccc7n6)cc5)CC4)c3C2=O)C(=O)N1,0.1788274,0.1788,88.72558549797395,-3.8295016288757324,73,9.419425964355469,model2_clean.pdb,6
5.6604,6.5894,21.6607,0.2207040,CCC(=O)Nc1cc(C2CCN(CCCCCCCNc3cccc4c3C(=O)N(C3CCC(=O)NC3=O)C4=O)CC2)cc(C)c1Nc1ncc2cc(-c3c(Cl)c(OC)cc(OC)c3Cl)ccc2n1,1,*c1cc(C)c(Nc2ncc3cc(-c4c(Cl)c(OC)cc(OC)c4Cl)ccc3n2)c(NC(=O)CC)c1|*c1cccc2c1C(=O)N(C1CCC(=O)NC1=O)C2=O,[*]C1CCN(CCCCCCCN[*])CC1,O=C1CCC(N2C(=O)c3cccc(NCCCCCCCN4CCC(c5ccc(Nc6ncc7cc(-c8ccccc8)ccc7n6)cc5)CC4)c3C2=O)C(=O)N1,0.2207040,0.2207,4.14649804197785,-3.8361635208129883,62,2.036295175552368,model9_clean.pdb,6
5.4523,6.9776,46.7142,0.4194674,CCC(=O)Nc1cc(C2CN(C(=O)CCOCCOCCNc3cccc4c3C(=O)N(C3CCC(=O)NC3=O)C4=O)C2)cc(C)c1Nc1ncc2cc(-c3c(Cl)c(OC)cc(OC)c3Cl)ccc2n1,1,*c1cc(C)c(Nc2ncc3cc(-c4c(Cl)c(OC)cc(OC)c4Cl)ccc3n2)c(NC(=O)CC)c1|*c1cccc2c1C(=O)N(C1CCC(=O)NC1=O)C2=O,[*]C1CN(C(=O)CCOCCOCCN[*])C1,O=C1CCC(N2C(=O)c3cccc(NCCOCCOCCC(=O)N4CC(c5ccc(Nc6ncc7cc(-c8ccccc8)ccc7n6)cc5)C4)c3C2=O)C(=O)N1,0.4194674,0.4195,106.11519120013782,-4.634123802185059,32,10.301222801208496,model4_clean.pdb,6
3.8756,6.4860,-6.4860,0.0000000,CCC(=O)Nc1cc(C2CN(CCCNc3cccc4c3C(=O)N(C3CCC(=O)NC3=O)C4=O)C2)cc(C)c1Nc1ncc2cc(-c3c(Cl)c(OC)cc(OC)c3Cl)ccc2n1,1,*c1cc(C)c(Nc2ncc3cc(-c4c(Cl)c(OC)cc(OC)c4Cl)ccc3n2)c(NC(=O)CC)c1|*c1cccc2c1C(=O)N(C1CCC(=O)NC1=O)C2=O,[*]C1CN(CCCN[*])C1,O=C1CCC(N2C(=O)c3cccc(NCCCN4CC(c5ccc(Nc6ncc7cc(-c8ccccc8)ccc7n6)cc5)C4)c3C2=O)C(=O)N1,0.4445086,0.4445,41.03560370270225,-4.438116073608398,31,6.4059038162231445,model3_clean.pdb,6
3.4610,8.5462,13.3364,0.1709578,CCC(=O)Nc1cc(C2CN(CCOCCOCCOCCNc3cccc4c3C(=O)N(C3CCC(=O)NC3=O)C4=O)C2)cc(C)c1Nc1ncc2cc(-c3c(Cl)c(OC)cc(OC)c3Cl)ccc2n1,1,*c1cc(C)c(Nc2ncc3cc(-c4c(Cl)c(OC)cc(OC)c4Cl)ccc3n2)c(NC(=O)CC)c1|*c1cccc2c1C(=O)N(C1CCC(=O)NC1=O)C2=O,[*]C1CN(CCOCCOCCOCCN[*])C1,O=C1CCC(N2C(=O)c3cccc(NCCOCCOCCOCCN4CC(c5ccc(Nc6ncc7cc(-c8ccccc8)ccc7n6)cc5)C4)c3C2=O)C(=O)N1,0.1709578,0.1710,35.27630476174295,-3.6520347595214844,71,5.939385890960693,model4_clean.pdb,6
7.3259,13.0596,42.8300,0.4366377,CCC(=O)Nc1cc(C2CN(c3cccc4c3C(=O)N(C3CCC(=O)NC3=O)C4=O)CC2O)cc(C)c1Nc1ncc2cc(-c3c(Cl)c(OC)cc(OC)c3Cl)ccc2n1,1,*c1cc(C)c(Nc2ncc3cc(-c4c(Cl)c(OC)cc(OC)c4Cl)ccc3n2)c(NC(=O)CC)c1|*c1cccc2c1C(=O)N(C1CCC(=O)NC1=O)C2=O,[*]C1CN([*])CC1O,O=C1CCC(N2C(=O)c3cccc(N4CCC(c5ccc(Nc6ncc7cc(-c8ccccc8)ccc7n6)cc5)C4)c3C2=O)C(=O)N1,0.4366377,0.4366,9.52506014931538,-4.1245436668396,27,3.0862696170806885,model9_clean.pdb,6
11.3974,15.8741,40.5857,0.4410922,CCC(=O)Nc1cc(C2(CN(C)CCOCCCc3cccc4c3C(=O)N(C3CCC(=O)NC3=O)C4=O)CC2)cc(C)c1Nc1ncc2cc(-c3c(Cl)c(OC)cc(OC)c3Cl)ccc2n1,1,*c1cc(C)c(Nc2ncc3cc(-c4c(Cl)c(OC)cc(OC)c4Cl)ccc3n2)c(NC(=O)CC)c1|*c1cccc2c1C(=O)N(C1CCC(=O)NC1=O)C2=O,[*]C1(CN(C)CCOCCC[*])CC1,O=C1CCC(N2C(=O)c3cccc(CCCOCCNCC4(c5ccc(Nc6ncc7cc(-c8ccccc8)ccc7n6)cc5)CC4)c3C2=O)C(=O)N1,0.4410922,0.4411,99.30263454403394,-4.3585734367370605,26,9.965070724487305,model4_clean.pdb,7
4.4849,8.9449,-8.9449,0.0000000,CCC(=O)Nc1cc(C2(CNc3cccc4c3C(=O)N(C3CCC(=O)NC3=O)C4=O)CC2)cc(C)c1Nc1ncc2cc(-c3c(Cl)c(OC)cc(OC)c3Cl)ccc2n1,1,*c1cc(C)c(Nc2ncc3cc(-c4c(Cl)c(OC)cc(OC)c4Cl)ccc3n2)c(NC(=O)CC)c1|*c1cccc2c1C(=O)N(C1CCC(=O)NC1=O)C2=O,[*]C1(CN[*])CC1,O=C1CCC(N2C(=O)c3cccc(NCC4(c5ccc(Nc6ncc7cc(-c8ccccc8)ccc7n6)cc5)CC4)c3C2=O)C(=O)N1,0.4376899,0.4377,103.89166606828803,-4.33781099319458,26,10.192726135253906,model2_clean.pdb,7
9.4180,11.1308,40.9009,0.4064971,CCC(=O)Nc1cc(C2CCC(N3CCN(C4CN(c5cccc6c5C(=O)N(C5CCC(=O)NC5=O)C6=O)C4)CC3)CC2)cc(C)c1Nc1ncc2cc(-c3c(Cl)c(OC)cc(OC)c3Cl)ccc2n1,1,*c1cc(C)c(Nc2ncc3cc(-c4c(Cl)c(OC)cc(OC)c4Cl)ccc3n2)c(NC(=O)CC)c1|*c1cccc2c1C(=O)N(C1CCC(=O)NC1=O)C2=O,[*]C1CCC(N2CCN(C3CN([*])C3)CC2)CC1,O=C1CCC(N2C(=O)c3cccc(N4CC(N5CCN(C6CCC(c7ccc(Nc8ncc9cc(-c%10ccccc%10)ccc9n8)cc7)CC6)CC5)C4)c3C2=O)C(=O)N1,0.4064971,0.4065,393.2801862592205,-3.9538402557373047,4,19.8312931060791,model9_clean.pdb,7
4.0511,7.1961,30.7083,0.2961279,CCC(=O)Nc1cc(C2CCC(Nc3cccc4c3C(=O)N(C3CCC(=O)NC3=O)C4=O)CC2)cc(C)c1Nc1ncc2cc(-c3c(Cl)c(OC)cc(OC)c3Cl)ccc2n1,1,*c1cc(C)c(Nc2ncc3cc(-c4c(Cl)c(OC)cc(OC)c4Cl)ccc3n2)c(NC(=O)CC)c1|*c1cccc2c1C(=O)N(C1CCC(=O)NC1=O)C2=O,[*]C1CCC(N[*])CC1,O=C1CCC(N2C(=O)c3cccc(NC4CCC(c5ccc(Nc6ncc7cc(-c8ccccc8)ccc7n6)cc5)CC4)c3C2=O)C(=O)N1,0.2961279,0.2961,41.03013009047663,-3.8351550102233887,40,6.4054765701293945,model3_clean.pdb,7
5.6148,5.7424,7.6081,0.1043007,CCC(=O)Nc1cc(C2CCN(CC3CCN(c4cccc5c4C(=O)N(C4CCC(=O)NC4=O)C5=O)CC3)CC2)cc(C)c1Nc1ncc2cc(-c3c(Cl)c(OC)cc(OC)c3Cl)ccc2n1,1,*c1cc(C)c(Nc2ncc3cc(-c4c(Cl)c(OC)cc(OC)c4Cl)ccc3n2)c(NC(=O)CC)c1|*c1cccc2c1C(=O)N(C1CCC(=O)NC1=O)C2=O,[*]C1CCN(CC2CCN([*])CC2)CC1,O=C1CCC(N2C(=O)c3cccc(N4CCC(CN5CCC(c6ccc(Nc7ncc8cc(-c9ccccc9)ccc8n7)cc6)CC5)CC4)c3C2=O)C(=O)N1,0.1043007,0.1043,16.176659122193314,-4.024667739868164,101,4.022021770477295,model9_clean.pdb,7
3.6374,5.7698,51.9596,0.4510109,CCC(=O)Nc1cc(C2CCN(c3cccc4c3C(=O)N(C3CCC(=O)NC3=O)C4=O)CC2)cc(C)c1Nc1ncc2cc(-c3c(Cl)c(OC)cc(OC)c3Cl)ccc2n1,1,*c1cc(C)c(Nc2ncc3cc(-c4c(Cl)c(OC)cc(OC)c4Cl)ccc3n2)c(NC(=O)CC)c1|*c1cccc2c1C(=O)N(C1CCC(=O)NC1=O)C2=O,[*]C1CCN([*])CC1,O=C1CCC(N2C(=O)c3cccc(N4CCC(c5ccc(Nc6ncc7cc(-c8ccccc8)ccc7n6)cc5)CC4)c3C2=O)C(=O)N1,0.4510109,0.4510,70.91520864629365,-4.092779159545898,15,8.421116828918457,model2_clean.pdb,7
5.0338,7.1657,48.1240,0.4319511,CCC(=O)Nc1cc(C2CN(CCCCCCNc3cccc4c3C(=O)N(C3CCC(=O)NC3=O)C4=O)C2)cc(C)c1Nc1ncc2cc(-c3c(Cl)c(OC)cc(OC)c3Cl)ccc2n1,1,*c1cc(C)c(Nc2ncc3cc(-c4c(Cl)c(OC)cc(OC)c4Cl)ccc3n2)c(NC(=O)CC)c1|*c1cccc2c1C(=O)N(C1CCC(=O)NC1=O)C2=O,[*]C1CN(CCCCCCN[*])C1,O=C1CCC(N2C(=O)c3cccc(NCCCCCCN4CC(c5ccc(Nc6ncc7cc(-c8ccccc8)ccc7n6)cc5)C4)c3C2=O)C(=O)N1,0.4319511,0.4320,22.32688132146086,-4.1515889167785645,28,4.725132942199707,model12_clean.pdb,7
38.5008,45.2996,-45.2996,0.0000000,*c1cc(C)c(Nc2ncc3cc(-c4c(Cl)c(OC)cc(OC)c4Cl)ccc3n2)c(NC(=O)CC)c1|*c1cccc2c1C(=O)N(C1CCC(=O)NC1=O)C2=O[*]C1CN(Cc2cccc(-c3c4[nH]c(c5nc(cc6[nH]c(cc7nc3C(C)=C7C)c(C)c6CC)[C@@H](C)[C@@H]5CC[*])c(C)c4C)c2)C1,0,*c1cc(C)c(Nc2ncc3cc(-c4c(Cl)c(OC)cc(OC)c4Cl)ccc3n2)c(NC(=O)CC)c1|*c1cccc2c1C(=O)N(C1CCC(=O)NC1=O)C2=O,[*]C1CN(Cc2cccc(-c3c4[nH]c(c5nc(cc6[nH]c(cc7nc3C(C)=C7C)c(C)c6CC)[C@@H](C)[C@@H]5CC[*])c(C)c4C)c2)C1,,0.0000000,0.0000,None,None,None,None,None,7
3.0571,7.0670,-7.0670,0.0000000,CCC(=O)Nc1cc(C2CN(c3cccc4c3C(=O)N(C3CCC(=O)NC3=O)C4=O)C2)cc(C)c1Nc1ncc2cc(-c3c(Cl)c(OC)cc(OC)c3Cl)ccc2n1,1,*c1cc(C)c(Nc2ncc3cc(-c4c(Cl)c(OC)cc(OC)c4Cl)ccc3n2)c(NC(=O)CC)c1|*c1cccc2c1C(=O)N(C1CCC(=O)NC1=O)C2=O,[*]C1CN([*])C1,O=C1CCC(N2C(=O)c3cccc(N4CC(c5ccc(Nc6ncc7cc(-c8ccccc8)ccc7n6)cc5)C4)c3C2=O)C(=O)N1,0.4184476,0.4184,38.40291570958493,-4.0772809982299805,23,6.1970086097717285,model3_clean.pdb,7
7.8214,12.1632,26.6329,0.3030944,CCC(=O)Nc1cc(C2(CN(C)CCOCCOCCNc3cccc4c3C(=O)N(C3CCC(=O)NC3=O)C4=O)CC2)cc(C)c1Nc1ncc2cc(-c3c(Cl)c(OC)cc(OC)c3Cl)ccc2n1,1,*c1cc(C)c(Nc2ncc3cc(-c4c(Cl)c(OC)cc(OC)c4Cl)ccc3n2)c(NC(=O)CC)c1|*c1cccc2c1C(=O)N(C1CCC(=O)NC1=O)C2=O,[*]C1(CN(C)CCOCCOCCN[*])CC1,O=C1CCC(N2C(=O)c3cccc(NCCOCCOCCNCC4(c5ccc(Nc6ncc7cc(-c8ccccc8)ccc7n6)cc5)CC4)c3C2=O)C(=O)N1,0.3030944,0.3031,120.30345550185393,-3.9047927856445312,36,10.968293190002441,model4_clean.pdb,8
12.8391,16.3860,36.7292,0.4149628,CCC(=O)Nc1cc(C2(COCCCCCNc3cccc4c3C(=O)N(C3CCC(=O)NC3=O)C4=O)CCC2)cc(C)c1Nc1ncc2cc(-c3c(Cl)c(OC)cc(OC)c3Cl)ccc2n1,1,*c1cc(C)c(Nc2ncc3cc(-c4c(Cl)c(OC)cc(OC)c4Cl)ccc3n2)c(NC(=O)CC)c1|*c1cccc2c1C(=O)N(C1CCC(=O)NC1=O)C2=O,[*]C1(COCCCCCN[*])CCC1,O=C1CCC(N2C(=O)c3cccc(NCCCCCOCC4(c5ccc(Nc6ncc7cc(-c8ccccc8)ccc7n6)cc5)CCC4)c3C2=O)C(=O)N1,0.4149628,0.4150,30.411536719944706,-4.436408996582031,36,5.514665603637695,model12_clean.pdb,8
7.2688,13.3695,39.2969,0.4114559,CCC(=O)Nc1cc(C2C3CN(c4cccc5c4C(=O)N(C4CCC(=O)NC4=O)C5=O)CC32)cc(C)c1Nc1ncc2cc(-c3c(Cl)c(OC)cc(OC)c3Cl)ccc2n1,1,*c1cc(C)c(Nc2ncc3cc(-c4c(Cl)c(OC)cc(OC)c4Cl)ccc3n2)c(NC(=O)CC)c1|*c1cccc2c1C(=O)N(C1CCC(=O)NC1=O)C2=O,[*]C1C2CN([*])CC12,O=C1CCC(N2C(=O)c3cccc(N4CC5C(C4)C5c4ccc(Nc5ncc6cc(-c7ccccc7)ccc6n5)cc4)c3C2=O)C(=O)N1,0.4114559,0.4115,28.680075139564906,-4.037175178527832,25,5.355378150939941,model3_clean.pdb,8
4.4858,9.5330,39.6240,0.3840394,CCC(=O)Nc1cc(C2CC3(C2)CN(c2cccc4c2C(=O)N(C2CCC(=O)NC2=O)C4=O)C3)cc(C)c1Nc1ncc2cc(-c3c(Cl)c(OC)cc(OC)c3Cl)ccc2n1,1,*c1cc(C)c(Nc2ncc3cc(-c4c(Cl)c(OC)cc(OC)c4Cl)ccc3n2)c(NC(=O)CC)c1|*c1cccc2c1C(=O)N(C1CCC(=O)NC1=O)C2=O,[*]C1CC2(C1)CN([*])C2,O=C1CCC(N2C(=O)c3cccc(N4CC5(CC(c6ccc(Nc7ncc8cc(-c9ccccc9)ccc8n7)cc6)C5)C4)c3C2=O)C(=O)N1,0.3840394,0.3840,84.5662073445501,-4.192237854003906,33,9.195988655090332,model3_clean.pdb,8
7.5596,12.7507,19.2914,0.2503291,CCC(=O)Nc1cc(C2CCC(N(C)CCOCCOCCOCCNc3cccc4c3C(=O)N(C3CCC(=O)NC3=O)C4=O)CC2)cc(C)c1Nc1ncc2cc(-c3c(Cl)c(OC)cc(OC)c3Cl)ccc2n1,1,*c1cc(C)c(Nc2ncc3cc(-c4c(Cl)c(OC)cc(OC)c4Cl)ccc3n2)c(NC(=O)CC)c1|*c1cccc2c1C(=O)N(C1CCC(=O)NC1=O)C2=O,[*]C1CCC(N(C)CCOCCOCCOCCN[*])CC1,O=C1CCC(N2C(=O)c3cccc(NCCOCCOCCOCCNC4CCC(c5ccc(Nc6ncc7cc(-c8ccccc8)ccc7n6)cc5)CC4)c3C2=O)C(=O)N1,0.2503291,0.2503,152.46487393241205,-3.622036933898926,31,12.34766674041748,model2_clean.pdb,8
3.6367,7.1961,30.7083,0.2961279,CCC(=O)Nc1cc(C2CCC(Nc3cccc4c3C(=O)N(C3CCC(=O)NC3=O)C4=O)CC2)cc(C)c1Nc1ncc2cc(-c3c(Cl)c(OC)cc(OC)c3Cl)ccc2n1,1,*c1cc(C)c(Nc2ncc3cc(-c4c(Cl)c(OC)cc(OC)c4Cl)ccc3n2)c(NC(=O)CC)c1|*c1cccc2c1C(=O)N(C1CCC(=O)NC1=O)C2=O,[*]C1CCC(N[*])CC1,O=C1CCC(N2C(=O)c3cccc(NC4CCC(c5ccc(Nc6ncc7cc(-c8ccccc8)ccc7n6)cc5)CC4)c3C2=O)C(=O)N1,0.2961279,0.2961,41.03013009047663,-3.8351550102233887,40,6.4054765701293945,model3_clean.pdb,8
4.6299,7.4866,41.3292,0.3813736,CCC(=O)Nc1cc(C2CCN(C3CCN(c4cccc5c4C(=O)N(C4CCC(=O)NC4=O)C5=O)CC3)CC2)cc(C)c1Nc1ncc2cc(-c3c(Cl)c(OC)cc(OC)c3Cl)ccc2n1,1,*c1cc(C)c(Nc2ncc3cc(-c4c(Cl)c(OC)cc(OC)c4Cl)ccc3n2)c(NC(=O)CC)c1|*c1cccc2c1C(=O)N(C1CCC(=O)NC1=O)C2=O,[*]C1CCN(C2CCN([*])CC2)CC1,O=C1CCC(N2C(=O)c3cccc(N4CCC(N5CCC(c6ccc(Nc7ncc8cc(-c9ccccc9)ccc8n7)cc6)CC5)CC4)c3C2=O)C(=O)N1,0.3813736,0.3814,131.06978263914152,-4.093196392059326,26,11.44857120513916,model2_clean.pdb,8
6.2728,9.0664,11.6118,0.1615488,CCC(=O)Nc1cc(C2CN(C(=O)CCOCCOCCOCCNc3cccc4c3C(=O)N(C3CCC(=O)NC3=O)C4=O)C2)cc(C)c1Nc1ncc2cc(-c3c(Cl)c(OC)cc(OC)c3Cl)ccc2n1,1,*c1cc(C)c(Nc2ncc3cc(-c4c(Cl)c(OC)cc(OC)c4Cl)ccc3n2)c(NC(=O)CC)c1|*c1cccc2c1C(=O)N(C1CCC(=O)NC1=O)C2=O,[*]C1CN(C(=O)CCOCCOCCOCCN[*])C1,O=C1CCC(N2C(=O)c3cccc(NCCOCCOCCOCCC(=O)N4CC(c5ccc(Nc6ncc7cc(-c8ccccc8)ccc7n6)cc5)C4)c3C2=O)C(=O)N1,0.1615488,0.1615,69.65540883249196,-4.463977813720703,83,8.34598159790039,model5_clean.pdb,8
9.7128,15.3431,55.6436,0.5545836,CCC(=O)Nc1cc(C2CN(C34CC(CNc5cccc6c5C(=O)N(C5CCC(=O)NC5=O)C6=O)(C3)C4)C2)cc(C)c1Nc1ncc2cc(-c3c(Cl)c(OC)cc(OC)c3Cl)ccc2n1,1,*c1cc(C)c(Nc2ncc3cc(-c4c(Cl)c(OC)cc(OC)c4Cl)ccc3n2)c(NC(=O)CC)c1|*c1cccc2c1C(=O)N(C1CCC(=O)NC1=O)C2=O,[*]C1CN(C23CC(CN[*])(C2)C3)C1,O=C1CCC(N2C(=O)c3cccc(NCC45CC(N6CC(c7ccc(Nc8ncc9cc(-c%10ccccc%10)ccc9n8)cc7)C6)(C4)C5)c3C2=O)C(=O)N1,0.5545836,0.5546,6.214268164629232,-4.48069953918457,20,2.4928433895111084,model3_clean.pdb,8
3.6891,7.0670,-7.0670,0.0000000,CCC(=O)Nc1cc(C2CN(c3cccc4c3C(=O)N(C3CCC(=O)NC3=O)C4=O)C2)cc(C)c1Nc1ncc2cc(-c3c(Cl)c(OC)cc(OC)c3Cl)ccc2n1,1,*c1cc(C)c(Nc2ncc3cc(-c4c(Cl)c(OC)cc(OC)c4Cl)ccc3n2)c(NC(=O)CC)c1|*c1cccc2c1C(=O)N(C1CCC(=O)NC1=O)C2=O,[*]C1CN([*])C1,O=C1CCC(N2C(=O)c3cccc(N4CC(c5ccc(Nc6ncc7cc(-c8ccccc8)ccc7n6)cc5)C4)c3C2=O)C(=O)N1,0.4184476,0.4184,38.40291570958493,-4.0772809982299805,23,6.1970086097717285,model3_clean.pdb,8
9.6369,15.5140,31.5774,0.3679021,CCC(=O)Nc1cc(C2(C(=O)O)CCN(c3cccc4c3C(=O)N(C3CCC(=O)NC3=O)C4=O)CC2)cc(C)c1Nc1ncc2cc(-c3c(Cl)c(OC)cc(OC)c3Cl)ccc2n1,1,*c1cc(C)c(Nc2ncc3cc(-c4c(Cl)c(OC)cc(OC)c4Cl)ccc3n2)c(NC(=O)CC)c1|*c1cccc2c1C(=O)N(C1CCC(=O)NC1=O)C2=O,[*]C1(C(=O)O)CCN([*])CC1,O=C1CCC(N2C(=O)c3cccc(N4CCC(c5ccc(Nc6ncc7cc(-c8ccccc8)ccc7n6)cc5)CC4)c3C2=O)C(=O)N1,0.3679021,0.3679,76.99039234780594,-4.040431976318359,30,8.77441692352295,model3_clean.pdb,9
22.6711,29.0043,26.7923,0.4359103,CCC(=O)Nc1cc(C2(C)CCC(NC3COC(CNc4cccc5c4C(=O)N(C4CCC(=O)NC4=O)C5=O)CC3F)CC2)cc(C)c1Nc1ncc2cc(-c3c(Cl)c(OC)cc(OC)c3Cl)ccc2n1,1,*c1cc(C)c(Nc2ncc3cc(-c4c(Cl)c(OC)cc(OC)c4Cl)ccc3n2)c(NC(=O)CC)c1|*c1cccc2c1C(=O)N(C1CCC(=O)NC1=O)C2=O,[*]C1(C)CCC(NC2COC(CN[*])CC2F)CC1,O=C1CCC(N2C(=O)c3cccc(NCC4CCC(NC5CCC(c6ccc(Nc7ncc8cc(-c9ccccc9)ccc8n7)cc6)CC5)CO4)c3C2=O)C(=O)N1,0.4359103,0.4359,136.38819052377949,-4.129119873046875,16,11.678535461425781,model3_clean.pdb,9
4.6213,8.9449,-8.9449,0.0000000,CCC(=O)Nc1cc(C2(CNc3cccc4c3C(=O)N(C3CCC(=O)NC3=O)C4=O)CC2)cc(C)c1Nc1ncc2cc(-c3c(Cl)c(OC)cc(OC)c3Cl)ccc2n1,1,*c1cc(C)c(Nc2ncc3cc(-c4c(Cl)c(OC)cc(OC)c4Cl)ccc3n2)c(NC(=O)CC)c1|*c1cccc2c1C(=O)N(C1CCC(=O)NC1=O)C2=O,[*]C1(CN[*])CC1,O=C1CCC(N2C(=O)c3cccc(NCC4(c5ccc(Nc6ncc7cc(-c8ccccc8)ccc7n6)cc5)CC4)c3C2=O)C(=O)N1,0.4376899,0.4377,103.89166606828803,-4.33781099319458,26,10.192726135253906,model2_clean.pdb,9
6.6753,12.7830,40.7193,0.4179868,CCC(=O)Nc1cc(C2(F)CN(c3cccc4c3C(=O)N(C3CCC(=O)NC3=O)C4=O)C2)cc(C)c1Nc1ncc2cc(-c3c(Cl)c(OC)cc(OC)c3Cl)ccc2n1,1,*c1cc(C)c(Nc2ncc3cc(-c4c(Cl)c(OC)cc(OC)c4Cl)ccc3n2)c(NC(=O)CC)c1|*c1cccc2c1C(=O)N(C1CCC(=O)NC1=O)C2=O,[*]C1(F)CN([*])C1,O=C1CCC(N2C(=O)c3cccc(N4CC(c5ccc(Nc6ncc7cc(-c8ccccc8)ccc7n6)cc5)C4)c3C2=O)C(=O)N1,0.4179868,0.4180,36.449078980877175,-4.278415679931641,33,6.037307262420654,model9_clean.pdb,9
7.5251,12.9955,52.7018,0.5132604,CCC(=O)Nc1cc(C2CC3(CC(Nc4cccc5c4C(=O)N(C4CCC(=O)NC4=O)C5=O)C3)C2)cc(C)c1Nc1ncc2cc(-c3c(Cl)c(OC)cc(OC)c3Cl)ccc2n1,1,*c1cc(C)c(Nc2ncc3cc(-c4c(Cl)c(OC)cc(OC)c4Cl)ccc3n2)c(NC(=O)CC)c1|*c1cccc2c1C(=O)N(C1CCC(=O)NC1=O)C2=O,[*]C1CC2(C1)CC(N[*])C2,O=C1CCC(N2C(=O)c3cccc(NC4CC5(C4)CC(c4ccc(Nc6ncc7cc(-c8ccccc8)ccc7n6)cc4)C5)c3C2=O)C(=O)N1,0.5132604,0.5133,128.91221362348097,-4.21945333480835,7,11.353951454162598,model3_clean.pdb,9
17.8153,23.3697,22.9941,0.3622165,CCC(=O)Nc1cc(C2CC3C(C2)N3CCCCOCCOCCNc2cccc3c2C(=O)N(C2CCC(=O)NC2=O)C3=O)cc(C)c1Nc1ncc2cc(-c3c(Cl)c(OC)cc(OC)c3Cl)ccc2n1,1,*c1cc(C)c(Nc2ncc3cc(-c4c(Cl)c(OC)cc(OC)c4Cl)ccc3n2)c(NC(=O)CC)c1|*c1cccc2c1C(=O)N(C1CCC(=O)NC1=O)C2=O,[*]C1CC2C(C1)N2CCCCOCCOCCN[*],O=C1CCC(N2C(=O)c3cccc(NCCOCCOCCCCN4C5CC(c6ccc(Nc7ncc8cc(-c9ccccc9)ccc8n7)cc6)CC54)c3C2=O)C(=O)N1,0.3622165,0.3622,21.32362982413929,-3.8441920280456543,26,4.617751598358154,model9_clean.pdb,9
9.1506,13.3131,42.2753,0.4342848,CCC(=O)Nc1cc(C2CCC3(CC2)CCN(c2cccc4c2C(=O)N(C2CCC(=O)NC2=O)C4=O)C3)cc(C)c1Nc1ncc2cc(-c3c(Cl)c(OC)cc(OC)c3Cl)ccc2n1,1,*c1cc(C)c(Nc2ncc3cc(-c4c(Cl)c(OC)cc(OC)c4Cl)ccc3n2)c(NC(=O)CC)c1|*c1cccc2c1C(=O)N(C1CCC(=O)NC1=O)C2=O,[*]C1CCC2(CCN([*])C2)CC1,O=C1CCC(N2C(=O)c3cccc(N4CCC5(CCC(c6ccc(Nc7ncc8cc(-c9ccccc9)ccc8n7)cc6)CC5)C4)c3C2=O)C(=O)N1,0.4342848,0.4343,58.271204632174204,-4.2352190017700195,27,7.6335577964782715,model4_clean.pdb,9
8.7675,7.6868,56.3097,0.4999726,CCC(=O)Nc1cc(C2CCN(C(=O)C3CN(c4cccc5c4C(=O)N(C4CCC(=O)NC4=O)C5=O)C3)CC2)cc(C)c1Nc1ncc2cc(-c3c(Cl)c(OC)cc(OC)c3Cl)ccc2n1,1,*c1cc(C)c(Nc2ncc3cc(-c4c(Cl)c(OC)cc(OC)c4Cl)ccc3n2)c(NC(=O)CC)c1|*c1cccc2c1C(=O)N(C1CCC(=O)NC1=O)C2=O,[*]C1CCN(C(=O)C2CN([*])C2)CC1,O=C1CCC(N2C(=O)c3cccc(N4CC(C(=O)N5CCC(c6ccc(Nc7ncc8cc(-c9ccccc9)ccc8n7)cc6)CC5)C4)c3C2=O)C(=O)N1,0.4999726,0.5000,57.66098363377387,-4.268210411071777,17,7.593482971191406,model4_clean.pdb,9
16.2598,22.5566,26.2991,0.3816848,CCC(=O)Nc1cc(C2CN(C3(COC(F)(F)F)CCN(c4cccc5c4C(=O)N(C4CCC(=O)NC4=O)C5=O)CC3)C2)cc(C)c1Nc1ncc2cc(-c3c(Cl)c(OC)cc(OC)c3Cl)ccc2n1,1,*c1cc(C)c(Nc2ncc3cc(-c4c(Cl)c(OC)cc(OC)c4Cl)ccc3n2)c(NC(=O)CC)c1|*c1cccc2c1C(=O)N(C1CCC(=O)NC1=O)C2=O,[*]C1CN(C2(COC(F)(F)F)CCN([*])CC2)C1,O=C1CCC(N2C(=O)c3cccc(N4CCC(N5CC(c6ccc(Nc7ncc8cc(-c9ccccc9)ccc8n7)cc6)C5)CC4)c3C2=O)C(=O)N1,0.3816848,0.3817,61.47630964615382,-4.353775978088379,37,7.8406829833984375,model3_clean.pdb,9
13.7192,21.5842,21.1579,0.3339227,CCC(=O)Nc1cc(C2(C3=CCN(CC4CCN(c5cccc6c5C(=O)N(C5CCC(=O)NC5=O)C6=O)CC4)CC3)CC2)cc(C)c1Nc1ncc2cc(-c3c(Cl)c(OC)cc(OC)c3Cl)ccc2n1,1,*c1cc(C)c(Nc2ncc3cc(-c4c(Cl)c(OC)cc(OC)c4Cl)ccc3n2)c(NC(=O)CC)c1|*c1cccc2c1C(=O)N(C1CCC(=O)NC1=O)C2=O,[*]C1(C2=CCN(CC3CCN([*])CC3)CC2)CC1,O=C1CCC(N2C(=O)c3cccc(N4CCC(CN5CC=C(C6(c7ccc(Nc8ncc9cc(-c%10ccccc%10)ccc9n8)cc7)CC6)CC5)CC4)c3C2=O)C(=O)N1,0.3339227,0.3339,13.618752161796749,-3.8586063385009766,34,3.690359354019165,model3_clean.pdb,10
17.2072,29.0810,17.8934,0.3669871,CCC(=O)Nc1cc(C2(C3CCN(C(=O)OC(C)(C)CCOCCOCCOCCNc4cccc5c4C(=O)N(C4CCC(=O)NC4=O)C5=O)CC3)CC2)cc(C)c1Nc1ncc2cc(-c3c(Cl)c(OC)cc(OC)c3Cl)ccc2n1,1,*c1cc(C)c(Nc2ncc3cc(-c4c(Cl)c(OC)cc(OC)c4Cl)ccc3n2)c(NC(=O)CC)c1|*c1cccc2c1C(=O)N(C1CCC(=O)NC1=O)C2=O,[*]C1(C2CCN(C(=O)OC(C)(C)CCOCCOCCOCCN[*])CC2)CC1,O=C1CCC(N2C(=O)c3cccc(NCCOCCOCCOCCCOC(=O)N4CCC(C5(c6ccc(Nc7ncc8cc(-c9ccccc9)ccc8n7)cc6)CC5)CC4)c3C2=O)C(=O)N1,0.3669871,0.3670,22.507399623600804,-3.8072762489318848,21,4.74419641494751,model12_clean.pdb,10
11.4482,22.5504,19.6979,0.3300647,CCC(=O)Nc1cc(C2(CCO)C3CN(c4cccc5c4C(=O)N(C4CCC(=O)NC4=O)C5=O)CC32)cc(C)c1Nc1ncc2cc(-c3c(Cl)c(OC)cc(OC)c3Cl)ccc2n1,1,*c1cc(C)c(Nc2ncc3cc(-c4c(Cl)c(OC)cc(OC)c4Cl)ccc3n2)c(NC(=O)CC)c1|*c1cccc2c1C(=O)N(C1CCC(=O)NC1=O)C2=O,[*]C1(CCO)C2CN([*])CC21,O=C1CCC(N2C(=O)c3cccc(N4CC5C(C4)C5c4ccc(Nc5ncc6cc(-c7ccccc7)ccc6n5)cc4)c3C2=O)C(=O)N1,0.3300647,0.3301,87.42589557130123,-4.427532196044922,47,9.350181579589844,model3_clean.pdb,10
9.5793,17.6900,14.8374,0.2541206,CCC(=O)Nc1cc(C2(F)CN(C3CCC(Nc4cccc5c4C(=O)N(C4CCC(=O)NC4=O)C5=O)CC3)C2)cc(C)c1Nc1ncc2cc(-c3c(Cl)c(OC)cc(OC)c3Cl)ccc2n1,1,*c1cc(C)c(Nc2ncc3cc(-c4c(Cl)c(OC)cc(OC)c4Cl)ccc3n2)c(NC(=O)CC)c1|*c1cccc2c1C(=O)N(C1CCC(=O)NC1=O)C2=O,[*]C1(F)CN(C2CCC(N[*])CC2)C1,O=C1CCC(N2C(=O)c3cccc(NC4CCC(N5CC(c6ccc(Nc7ncc8cc(-c9ccccc9)ccc8n7)cc6)C5)CC4)c3C2=O)C(=O)N1,0.2541206,0.2541,152.2955870648084,-4.304737091064453,58,12.34080982208252,model9_clean.pdb,10
2.9717,9.5330,39.6240,0.3840394,CCC(=O)Nc1cc(C2CC3(C2)CN(c2cccc4c2C(=O)N(C2CCC(=O)NC2=O)C4=O)C3)cc(C)c1Nc1ncc2cc(-c3c(Cl)c(OC)cc(OC)c3Cl)ccc2n1,1,*c1cc(C)c(Nc2ncc3cc(-c4c(Cl)c(OC)cc(OC)c4Cl)ccc3n2)c(NC(=O)CC)c1|*c1cccc2c1C(=O)N(C1CCC(=O)NC1=O)C2=O,[*]C1CC2(C1)CN([*])C2,O=C1CCC(N2C(=O)c3cccc(N4CC5(CC(c6ccc(Nc7ncc8cc(-c9ccccc9)ccc8n7)cc6)C5)C4)c3C2=O)C(=O)N1,0.3840394,0.3840,84.5662073445501,-4.192237854003906,33,9.195988655090332,model3_clean.pdb,10
18.9031,26.4888,12.5663,0.3051179,CCC(=O)Nc1cc(C2CCC(N3CC(OC4CC4CCc4cccc5c4C(=O)N(C4CCC(=O)NC4=O)C5=O)C3)CC2)cc(C)c1Nc1ncc2cc(-c3c(Cl)c(OC)cc(OC)c3Cl)ccc2n1,1,*c1cc(C)c(Nc2ncc3cc(-c4c(Cl)c(OC)cc(OC)c4Cl)ccc3n2)c(NC(=O)CC)c1|*c1cccc2c1C(=O)N(C1CCC(=O)NC1=O)C2=O,[*]C1CCC(N2CC(OC3CC3CC[*])C2)CC1,O=C1CCC(N2C(=O)c3cccc(CCC4CC4OC4CN(C5CCC(c6ccc(Nc7ncc8cc(-c9ccccc9)ccc8n7)cc6)CC5)C4)c3C2=O)C(=O)N1,0.3051179,0.3051,19.487467120055953,-4.022461891174316,47,4.414461135864258,model3_clean.pdb,10
3.8723,7.5224,43.8130,0.4010584,CCC(=O)Nc1cc(C2CCC(N3CCN(c4cccc5c4C(=O)N(C4CCC(=O)NC4=O)C5=O)CC3)CC2)cc(C)c1Nc1ncc2cc(-c3c(Cl)c(OC)cc(OC)c3Cl)ccc2n1,1,*c1cc(C)c(Nc2ncc3cc(-c4c(Cl)c(OC)cc(OC)c4Cl)ccc3n2)c(NC(=O)CC)c1|*c1cccc2c1C(=O)N(C1CCC(=O)NC1=O)C2=O,[*]C1CCC(N2CCN([*])CC2)CC1,O=C1CCC(N2C(=O)c3cccc(N4CCN(C5CCC(c6ccc(Nc7ncc8cc(-c9ccccc9)ccc8n7)cc6)CC5)CC4)c3C2=O)C(=O)N1,0.4010584,0.4011,281.2388648250235,-4.051004409790039,14,16.770177841186523,model4_clean.pdb,10
14.3234,15.1671,28.7598,0.3431789,CCC(=O)Nc1cc(C2CCC(OCCN(C)CCCCCNc3cccc4c3C(=O)N(C3CCC(=O)NC3=O)C4=O)CC2)cc(C)c1Nc1ncc2cc(-c3c(Cl)c(OC)cc(OC)c3Cl)ccc2n1,1,*c1cc(C)c(Nc2ncc3cc(-c4c(Cl)c(OC)cc(OC)c4Cl)ccc3n2)c(NC(=O)CC)c1|*c1cccc2c1C(=O)N(C1CCC(=O)NC1=O)C2=O,[*]C1CCC(OCCN(C)CCCCCN[*])CC1,O=C1CCC(N2C(=O)c3cccc(NCCCCCNCCOC4CCC(c5ccc(Nc6ncc7cc(-c8ccccc8)ccc7n6)cc5)CC4)c3C2=O)C(=O)N1,0.3431789,0.3432,70.01281105182079,-3.996255874633789,34,8.367365837097168,model4_clean.pdb,10
5.0530,7.0670,-7.0670,0.0000000,CCC(=O)Nc1cc(C2CN(c3cccc4c3C(=O)N(C3CCC(=O)NC3=O)C4=O)C2)cc(C)c1Nc1ncc2cc(-c3c(Cl)c(OC)cc(OC)c3Cl)ccc2n1,1,*c1cc(C)c(Nc2ncc3cc(-c4c(Cl)c(OC)cc(OC)c4Cl)ccc3n2)c(NC(=O)CC)c1|*c1cccc2c1C(=O)N(C1CCC(=O)NC1=O)C2=O,[*]C1CN([*])C1,O=C1CCC(N2C(=O)c3cccc(N4CC(c5ccc(Nc6ncc7cc(-c8ccccc8)ccc7n6)cc5)C4)c3C2=O)C(=O)N1,0.4184476,0.4184,38.40291570958493,-4.0772809982299805,23,6.1970086097717285,model3_clean.pdb,10
5.3083,16.3576,54.2326,0.5514862,CCC(=O)Nc1cc(C2(C)CC3(CN(c4cccc5c4C(=O)N(C4CCC(=O)NC4=O)C5=O)C3)C2)cc(C)c1Nc1ncc2cc(-c3c(Cl)c(OC)cc(OC)c3Cl)ccc2n1,1,*c1cc(C)c(Nc2ncc3cc(-c4c(Cl)c(OC)cc(OC)c4Cl)ccc3n2)c(NC(=O)CC)c1|*c1cccc2c1C(=O)N(C1CCC(=O)NC1=O)C2=O,[*]C1(C)CC2(C1)CN([*])C2,O=C1CCC(N2C(=O)c3cccc(N4CC5(CC(c6ccc(Nc7ncc8cc(-c9ccccc9)ccc8n7)cc6)C5)C4)c3C2=O)C(=O)N1,0.5514862,0.5515,93.60799076621424,-4.2836527824401855,6,9.675122261047363,model9_clean.pdb,11
4.7185,15.0339,41.2366,0.4396136,CCC(=O)Nc1cc(C2(C)CCC(Nc3cccc4c3C(=O)N(C3CCC(=O)NC3=O)C4=O)CC2)cc(C)c1Nc1ncc2cc(-c3c(Cl)c(OC)cc(OC)c3Cl)ccc2n1,1,*c1cc(C)c(Nc2ncc3cc(-c4c(Cl)c(OC)cc(OC)c4Cl)ccc3n2)c(NC(=O)CC)c1|*c1cccc2c1C(=O)N(C1CCC(=O)NC1=O)C2=O,[*]C1(C)CCC(N[*])CC1,O=C1CCC(N2C(=O)c3cccc(NC4CCC(c5ccc(Nc6ncc7cc(-c8ccccc8)ccc7n6)cc5)CC4)c3C2=O)C(=O)N1,0.4396136,0.4396,108.34657453093678,-4.2934675216674805,23,10.408966064453125,model4_clean.pdb,11
6.1927,18.0762,-1.8766,0.1265589,CCC(=O)Nc1cc(C2(C3CN(c4cccc5c4C(=O)N(C4CCC(=O)NC4=O)C5=O)C3)CCC2)cc(C)c1Nc1ncc2cc(-c3c(Cl)c(OC)cc(OC)c3Cl)ccc2n1,1,*c1cc(C)c(Nc2ncc3cc(-c4c(Cl)c(OC)cc(OC)c4Cl)ccc3n2)c(NC(=O)CC)c1|*c1cccc2c1C(=O)N(C1CCC(=O)NC1=O)C2=O,[*]C1(C2CN([*])C2)CCC1,O=C1CCC(N2C(=O)c3cccc(N4CC(C5(c6ccc(Nc7ncc8cc(-c9ccccc9)ccc8n7)cc6)CCC5)C4)c3C2=O)C(=O)N1,0.1265589,0.1266,135.03222113071024,-4.240082740783691,91,11.620336532592773,model2_clean.pdb,11
11.1836,22.0335,12.9121,0.2730124,CCC(=O)Nc1cc(C23CCC(N4CCC(C5CCN(c6cccc7c6C(=O)N(C6CCC(=O)NC6=O)C7=O)CC5)CC4)(CC2)CC3)cc(C)c1Nc1ncc2cc(-c3c(Cl)c(OC)cc(OC)c3Cl)ccc2n1,1,*c1cc(C)c(Nc2ncc3cc(-c4c(Cl)c(OC)cc(OC)c4Cl)ccc3n2)c(NC(=O)CC)c1|*c1cccc2c1C(=O)N(C1CCC(=O)NC1=O)C2=O,[*]C12CCC(N3CCC(C4CCN([*])CC4)CC3)(CC1)CC2,O=C1CCC(N2C(=O)c3cccc(N4CCC(C5CCN(C67CCC(c8ccc(Nc9ncc%10cc(-c%11ccccc%11)ccc%10n9)cc8)(CC6)CC7)CC5)CC4)c3C2=O)C(=O)N1,0.2730124,0.2730,151.0108376682183,-3.581291675567627,10,12.288646697998047,model3_clean.pdb,11
10.2775,18.2074,-0.1055,0.1414211,CCC(=O)Nc1cc(C2CC(O)(COCCOCCOCCNc3cccc4c3C(=O)N(C3CCC(=O)NC3=O)C4=O)C2)cc(C)c1Nc1ncc2cc(-c3c(Cl)c(OC)cc(OC)c3Cl)ccc2n1,1,*c1cc(C)c(Nc2ncc3cc(-c4c(Cl)c(OC)cc(OC)c4Cl)ccc3n2)c(NC(=O)CC)c1|*c1cccc2c1C(=O)N(C1CCC(=O)NC1=O)C2=O,[*]C1CC(O)(COCCOCCOCCN[*])C1,O=C1CCC(N2C(=O)c3cccc(NCCOCCOCCOCC4CC(c5ccc(Nc6ncc7cc(-c8ccccc8)ccc7n6)cc5)C4)c3C2=O)C(=O)N1,0.1414211,0.1414,233.21360367973193,-3.3137521743774414,42,15.271332740783691,model4_clean.pdb,11
6.8767,13.5400,19.8673,0.2609946,CCC(=O)Nc1cc(C2CC3CC2N(c2cccc4c2C(=O)N(C2CCC(=O)NC2=O)C4=O)C3)cc(C)c1Nc1ncc2cc(-c3c(Cl)c(OC)cc(OC)c3Cl)ccc2n1,1,*c1cc(C)c(Nc2ncc3cc(-c4c(Cl)c(OC)cc(OC)c4Cl)ccc3n2)c(NC(=O)CC)c1|*c1cccc2c1C(=O)N(C1CCC(=O)NC1=O)C2=O,[*]C1CC2CC1N([*])C2,O=C1CCC(N2C(=O)c3cccc(N4CC5CC(c6ccc(Nc7ncc8cc(-c9ccccc9)ccc8n7)cc6)C4C5)c3C2=O)C(=O)N1,0.2609946,0.2610,7.540696980402629,-4.11051082611084,58,2.746032953262329,model9_clean.pdb,11
14.2161,16.3169,55.7391,0.5629377,CCC(=O)Nc1cc(C2CCC(N3CCN(C(=O)C4CCN(C5CCN(c6cccc7c6C(=O)N(C6CCC(=O)NC6=O)C7=O)CC5)CC4)CC3)CC2)cc(C)c1Nc1ncc2cc(-c3c(Cl)c(OC)cc(OC)c3Cl)ccc2n1,1,*c1cc(C)c(Nc2ncc3cc(-c4c(Cl)c(OC)cc(OC)c4Cl)ccc3n2)c(NC(=O)CC)c1|*c1cccc2c1C(=O)N(C1CCC(=O)NC1=O)C2=O,[*]C1CCC(N2CCN(C(=O)C3CCN(C4CCN([*])CC4)CC3)CC2)CC1,O=C1CCC(N2C(=O)c3cccc(N4CCC(N5CCC(C(=O)N6CCN(C7CCC(c8ccc(Nc9ncc%10cc(-c%11ccccc%11)ccc%10n9)cc8)CC7)CC6)CC5)CC4)c3C2=O)C(=O)N1,0.5629377,0.5629,62.71452829614282,-4.368865489959717,11,7.91925048828125,model3_clean.pdb,11
4.2531,10.6310,42.3251,0.4137192,CCC(=O)Nc1cc(C2CCC3(CC2)CN(c2cccc4c2C(=O)N(C2CCC(=O)NC2=O)C4=O)C3)cc(C)c1Nc1ncc2cc(-c3c(Cl)c(OC)cc(OC)c3Cl)ccc2n1,1,*c1cc(C)c(Nc2ncc3cc(-c4c(Cl)c(OC)cc(OC)c4Cl)ccc3n2)c(NC(=O)CC)c1|*c1cccc2c1C(=O)N(C1CCC(=O)NC1=O)C2=O,[*]C1CCC2(CC1)CN([*])C2,O=C1CCC(N2C(=O)c3cccc(N4CC5(CCC(c6ccc(Nc7ncc8cc(-c9ccccc9)ccc8n7)cc6)CC5)C4)c3C2=O)C(=O)N1,0.4137192,0.4137,67.86096588641612,-4.18283748626709,28,8.237776756286621,model3_clean.pdb,11
5.2705,5.7698,-5.7698,0.0000000,CCC(=O)Nc1cc(C2CCN(c3cccc4c3C(=O)N(C3CCC(=O)NC3=O)C4=O)CC2)cc(C)c1Nc1ncc2cc(-c3c(Cl)c(OC)cc(OC)c3Cl)ccc2n1,1,*c1cc(C)c(Nc2ncc3cc(-c4c(Cl)c(OC)cc(OC)c4Cl)ccc3n2)c(NC(=O)CC)c1|*c1cccc2c1C(=O)N(C1CCC(=O)NC1=O)C2=O,[*]C1CCN([*])CC1,O=C1CCC(N2C(=O)c3cccc(N4CCC(c5ccc(Nc6ncc7cc(-c8ccccc8)ccc7n6)cc5)CC4)c3C2=O)C(=O)N1,0.4510109,0.4510,70.91520864629365,-4.092779159545898,15,8.421116828918457,model2_clean.pdb,11
8.3847,16.9208,39.1521,0.4380694,CCC(=O)Nc1cc(C2(C#N)CCC(N3CCN(c4cccc5c4C(=O)N(C4CCC(=O)NC4=O)C5=O)CC3)CC2)cc(C)c1Nc1ncc2cc(-c3c(Cl)c(OC)cc(OC)c3Cl)ccc2n1,1,*c1cc(C)c(Nc2ncc3cc(-c4c(Cl)c(OC)cc(OC)c4Cl)ccc3n2)c(NC(=O)CC)c1|*c1cccc2c1C(=O)N(C1CCC(=O)NC1=O)C2=O,[*]C1(C#N)CCC(N2CCN([*])CC2)CC1,O=C1CCC(N2C(=O)c3cccc(N4CCN(C5CCC(c6ccc(Nc7ncc8cc(-c9ccccc9)ccc8n7)cc6)CC5)CC4)c3C2=O)C(=O)N1,0.4380694,0.4381,107.67323931702413,-4.331506729125977,25,10.376571655273438,model2_clean.pdb,12
11.2070,20.9899,25.5966,0.3639569,CCC(=O)Nc1cc(C2(C)CCC(C#Cc3cccc4c3C(=O)N(C3CCC(=O)NC3=O)C4=O)CC2)cc(C)c1Nc1ncc2cc(-c3c(Cl)c(OC)cc(OC)c3Cl)ccc2n1,1,*c1cc(C)c(Nc2ncc3cc(-c4c(Cl)c(OC)cc(OC)c4Cl)ccc3n2)c(NC(=O)CC)c1|*c1cccc2c1C(=O)N(C1CCC(=O)NC1=O)C2=O,[*]C1(C)CCC(C#C[*])CC1,O=C1CCC(N2C(=O)c3cccc(C#CC4CCC(c5ccc(Nc6ncc7cc(-c8ccccc8)ccc7n6)cc5)CC4)c3C2=O)C(=O)N1,0.3639569,0.3640,27.33199568673831,-4.135251998901367,38,5.228001117706299,model12_clean.pdb,12
10.9329,21.5709,43.1361,0.5055237,CCC(=O)Nc1cc(C2(C3CCN(C(=O)CCOC4CCN(c5cccc6c5C(=O)N(C5CCC(=O)NC5=O)C6=O)CC4)CC3)CC2)cc(C)c1Nc1ncc2cc(-c3c(Cl)c(OC)cc(OC)c3Cl)ccc2n1,1,*c1cc(C)c(Nc2ncc3cc(-c4c(Cl)c(OC)cc(OC)c4Cl)ccc3n2)c(NC(=O)CC)c1|*c1cccc2c1C(=O)N(C1CCC(=O)NC1=O)C2=O,[*]C1(C2CCN(C(=O)CCOC3CCN([*])CC3)CC2)CC1,O=C1CCC(N2C(=O)c3cccc(N4CCC(OCCC(=O)N5CCC(C6(c7ccc(Nc8ncc9cc(-c%10ccccc%10)ccc9n8)cc7)CC6)CC5)CC4)c3C2=O)C(=O)N1,0.5055237,0.5055,89.92876840964891,-4.3183512687683105,15,9.483078002929688,model3_clean.pdb,12
10.6660,18.0153,41.1391,0.4621432,CCC(=O)Nc1cc(C23CCC(CCCNc4cccc5c4C(=O)N(C4CCC(=O)NC4=O)C5=O)(CC2)CC3)cc(C)c1Nc1ncc2cc(-c3c(Cl)c(OC)cc(OC)c3Cl)ccc2n1,1,*c1cc(C)c(Nc2ncc3cc(-c4c(Cl)c(OC)cc(OC)c4Cl)ccc3n2)c(NC(=O)CC)c1|*c1cccc2c1C(=O)N(C1CCC(=O)NC1=O)C2=O,[*]C12CCC(CCCN[*])(CC1)CC2,O=C1CCC(N2C(=O)c3cccc(NCCCC45CCC(c6ccc(Nc7ncc8cc(-c9ccccc9)ccc8n7)cc6)(CC4)CC5)c3C2=O)C(=O)N1,0.4621432,0.4621,50.45497546607294,-4.0916900634765625,15,7.103166580200195,model4_clean.pdb,12
5.2408,13.6114,38.1819,0.4046348,CCC(=O)Nc1cc(C23CCC(Nc4cccc5c4C(=O)N(C4CCC(=O)NC4=O)C5=O)(CC2)CC3)cc(C)c1Nc1ncc2cc(-c3c(Cl)c(OC)cc(OC)c3Cl)ccc2n1,1,*c1cc(C)c(Nc2ncc3cc(-c4c(Cl)c(OC)cc(OC)c4Cl)ccc3n2)c(NC(=O)CC)c1|*c1cccc2c1C(=O)N(C1CCC(=O)NC1=O)C2=O,[*]C12CCC(N[*])(CC1)CC2,O=C1CCC(N2C(=O)c3cccc(NC45CCC(c6ccc(Nc7ncc8cc(-c9ccccc9)ccc8n7)cc6)(CC4)CC5)c3C2=O)C(=O)N1,0.4046348,0.4046,72.68339105370978,-4.018257141113281,20,8.525455474853516,model3_clean.pdb,12
21.2508,34.4253,7.7414,0.3294271,CCC(=O)Nc1cc(C2CC(C(C)(C)O)N(C3CCN(C4CCN(c5cccc6c5C(=O)N(C5CCC(=O)NC5=O)C6=O)CC4)CC3)CC2C)cc(C)c1Nc1ncc2cc(-c3c(Cl)c(OC)cc(OC)c3Cl)ccc2n1,1,*c1cc(C)c(Nc2ncc3cc(-c4c(Cl)c(OC)cc(OC)c4Cl)ccc3n2)c(NC(=O)CC)c1|*c1cccc2c1C(=O)N(C1CCC(=O)NC1=O)C2=O,[*]C1CC(C(C)(C)O)N(C2CCN(C3CCN([*])CC3)CC2)CC1C,O=C1CCC(N2C(=O)c3cccc(N4CCC(N5CCC(N6CCC(c7ccc(Nc8ncc9cc(-c%10ccccc%10)ccc9n8)cc7)CC6)CC5)CC4)c3C2=O)C(=O)N1,0.3294271,0.3294,110.56274531839244,-3.9268321990966797,31,10.51488208770752,model2_clean.pdb,12
2.3247,9.5330,39.6240,0.3840394,CCC(=O)Nc1cc(C2CC3(C2)CN(c2cccc4c2C(=O)N(C2CCC(=O)NC2=O)C4=O)C3)cc(C)c1Nc1ncc2cc(-c3c(Cl)c(OC)cc(OC)c3Cl)ccc2n1,1,*c1cc(C)c(Nc2ncc3cc(-c4c(Cl)c(OC)cc(OC)c4Cl)ccc3n2)c(NC(=O)CC)c1|*c1cccc2c1C(=O)N(C1CCC(=O)NC1=O)C2=O,[*]C1CC2(C1)CN([*])C2,O=C1CCC(N2C(=O)c3cccc(N4CC5(CC(c6ccc(Nc7ncc8cc(-c9ccccc9)ccc8n7)cc6)C5)C4)c3C2=O)C(=O)N1,0.3840394,0.3840,84.5662073445501,-4.192237854003906,33,9.195988655090332,model3_clean.pdb,12
11.8793,24.3339,19.5223,0.3426272,CCC(=O)Nc1cc(C2CC3CC(C#N)(C2)C3Nc2cccc3c2C(=O)N(C2CCC(=O)NC2=O)C3=O)cc(C)c1Nc1ncc2cc(-c3c(Cl)c(OC)cc(OC)c3Cl)ccc2n1,1,*c1cc(C)c(Nc2ncc3cc(-c4c(Cl)c(OC)cc(OC)c4Cl)ccc3n2)c(NC(=O)CC)c1|*c1cccc2c1C(=O)N(C1CCC(=O)NC1=O)C2=O,[*]C1CC2CC(C#N)(C1)C2N[*],O=C1CCC(N2C(=O)c3cccc(NC4C5CC(c6ccc(Nc7ncc8cc(-c9ccccc9)ccc8n7)cc6)CC4C5)c3C2=O)C(=O)N1,0.3426272,0.3426,67.13713897764683,-4.068443298339844,36,8.1937255859375,model3_clean.pdb,12
10.9645,16.1621,26.6969,0.3348358,CCC(=O)Nc1cc(C2CCC(N(C)C3CCC4(CC3)CN(c3cccc5c3C(=O)N(C3CCC(=O)NC3=O)C5=O)C4)CC2)cc(C)c1Nc1ncc2cc(-c3c(Cl)c(OC)cc(OC)c3Cl)ccc2n1,1,*c1cc(C)c(Nc2ncc3cc(-c4c(Cl)c(OC)cc(OC)c4Cl)ccc3n2)c(NC(=O)CC)c1|*c1cccc2c1C(=O)N(C1CCC(=O)NC1=O)C2=O,[*]C1CCC(N(C)C2CCC3(CC2)CN([*])C3)CC1,O=C1CCC(N2C(=O)c3cccc(N4CC5(CCC(NC6CCC(c7ccc(Nc8ncc9cc(-c%10ccccc%10)ccc9n8)cc7)CC6)CC5)C4)c3C2=O)C(=O)N1,0.3348358,0.3348,83.26997619591202,-3.9713706970214844,34,9.125238418579102,model2_clean.pdb,12
29.0872,35.0161,-2.9086,0.2508397,CCC(=O)Nc1cc(C2CC3N[C@@](C)(C2)C(Nc2cccc4c2C(=O)N(C2CCC(=O)NC2=O)C4=O)[C@H]3F)cc(C)c1Nc1ncc2cc(-c3c(Cl)c(OC)cc(OC)c3Cl)ccc2n1,1,*c1cc(C)c(Nc2ncc3cc(-c4c(Cl)c(OC)cc(OC)c4Cl)ccc3n2)c(NC(=O)CC)c1|*c1cccc2c1C(=O)N(C1CCC(=O)NC1=O)C2=O,[*]C1C[C@@]2(C)C(N[*])[C@@H](F)C(C1)N2,O=C1CCC(N2C(=O)c3cccc(NC4CC5CC(c6ccc(Nc7ncc8cc(-c9ccccc9)ccc8n7)cc6)CC4N5)c3C2=O)C(=O)N1,0.2508397,0.2508,83.39058434784329,-4.432371139526367,62,9.131844520568848,model9_clean.pdb,12
