UniprotID,uniprot_lys_resid,evidence_score
P63073,159,0
P63073,65,0
P63073,162,0
P63073,192,0
P63073,36,0
P63073,106,0
P63073,108,0
P63073,206,0
P63073,49,0
P63073,52,0
P63073,21,0
P63073,54,0
P63073,119,0
P63073,184,0
P63073,212,0
P63073,95,0
P04035,257,0
P04035,396,4
P04035,142,4
P04035,401,4
P04035,662,4
P04035,666,2
P04035,670,3
P04035,288,4
P04035,549,0
P04035,42,0
P04035,299,4
P04035,691,2
P04035,52,0
P04035,692,4
P04035,314,0
P04035,828,0
P04035,704,4
P04035,457,3
P04035,715,4
P04035,460,4
P04035,335,0
P04035,722,2
P04035,89,4
P04035,474,4
P04035,606,4
P04035,351,4
P04035,480,4
P04035,735,0
P04035,864,0
P04035,873,4
P04035,362,4
P04035,363,4
P04035,619,4
P04035,116,0
P04035,501,0
P04035,502,4
P04035,885,4
P04035,248,4
P04035,633,4
P04035,886,0
P04035,381,4
P03372,257,0
P03372,8,0
P03372,520,0
P03372,266,0
P03372,268,0
P03372,401,0
P03372,529,0
P03372,531,0
P03372,32,0
P03372,416,0
P03372,171,0
P03372,299,0
P03372,302,0
P03372,303,0
P03372,48,0
P03372,180,0
P03372,449,0
P03372,581,0
P03372,206,0
P03372,210,0
P03372,467,0
P03372,472,0
P03372,481,0
P03372,231,0
P03372,362,0
P03372,235,0
P03372,492,0
P03372,244,0
P03372,252,0
P10275,388,1
P10275,521,1
P10275,778,0
P10275,906,0
P10275,143,0
P10275,911,3
P10275,17,0
P10275,913,3
P10275,659,0
P10275,291,0
P10275,809,0
P10275,301,3
P10275,558,0
P10275,182,0
P10275,823,0
P10275,313,2
P10275,826,3
P10275,318,0
P10275,581,0
P10275,837,0
P10275,585,0
P10275,718,0
P10275,591,0
P10275,846,4
P10275,593,0
P10275,721,0
P10275,848,4
P10275,349,0
P10275,606,0
P10275,222,2
P10275,862,0
P10275,610,0
P10275,619,0
P10275,237,0
P10275,241,0
P10275,884,0
P10275,631,0
P10275,633,0
P10275,634,0
P10275,639,2
P00519,512,0
P00519,1029,0
P00519,7,0
P00519,12,0
P00519,14,0
P00519,15,0
P00519,531,0
P00519,1061,0
P00519,554,0
P00519,51,0
P00519,1080,0
P00519,575,0
P00519,1089,0
P00519,593,0
P00519,595,0
P00519,84,0
P00519,596,0
P00519,87,0
P00519,1116,0
P00519,605,0
P00519,606,0
P00519,607,0
P00519,608,0
P00519,609,0
P00519,1122,3
P00519,616,0
P00519,105,0
P00519,124,0
P00519,658,0
P00519,661,0
P00519,688,0
P00519,689,0
P00519,183,0
P00519,711,2
P00519,727,0
P00519,219,0
P00519,222,0
P00519,234,0
P00519,756,0
P00519,245,2
P00519,759,0
P00519,247,0
P00519,765,0
P00519,262,0
P00519,263,0
P00519,271,0
P00519,274,2
P00519,788,0
P00519,789,0
P00519,285,4
P00519,799,0
P00519,291,0
P00519,294,0
P00519,816,0
P00519,833,0
P00519,838,0
P00519,856,0
P00519,867,0
P00519,356,0
P00519,357,0
P00519,879,0
P00519,889,0
P00519,378,0
P00519,891,0
P00519,896,0
P00519,909,0
P00519,400,2
P00519,913,0
P00519,404,0
P00519,415,2
P00519,419,0
P00519,931,0
P00519,933,0
P00519,947,0
P00519,956,0
P00519,957,0
P00519,965,0
P00519,454,0
P00519,970,0
P00519,467,0
P00519,1014,0
P00519,508,0
O35904,641,0
O35904,1027,0
O35904,1029,0
O35904,778,0
O35904,14,0
O35904,142,0
O35904,400,0
O35904,527,0
O35904,402,0
O35904,403,0
O35904,532,0
O35904,1039,0
O35904,919,0
O35904,408,0
O35904,409,0
O35904,410,0
O35904,921,0
O35904,412,0
O35904,413,0
O35904,801,0
O35904,679,0
O35904,553,0
O35904,298,0
O35904,683,0
O35904,556,0
O35904,429,0
O35904,46,0
O35904,302,0
O35904,433,0
O35904,690,0
O35904,945,0
O35904,692,0
O35904,309,0
O35904,310,0
O35904,951,0
O35904,699,0
O35904,704,0
O35904,449,0
O35904,195,0
O35904,707,0
O35904,711,0
O35904,840,0
O35904,332,0
O35904,210,0
O35904,851,0
O35904,340,0
O35904,597,0
O35904,601,0
O35904,859,0
O35904,861,0
O35904,223,0
O35904,224,0
O35904,992,0
O35904,356,0
O35904,998,0
O35904,490,0
O35904,619,0
O35904,1005,0
O35904,110,0
O35904,111,0
O35904,754,0
O35904,372,0
O35904,756,0
O35904,630,0
O35904,1012,0
O35904,1017,0
O35904,123,0
P29373,67,0
P29373,99,2
P29373,102,2
P29373,39,4
P29373,9,0
P29373,107,3
P29373,45,3
P29373,83,3
P29373,21,4
P29373,54,0
P29373,87,3
P29373,93,2
P29373,31,4
Q16539,139,4
Q16539,267,0
Q16539,15,4
Q16539,152,4
Q16539,287,0
Q16539,165,4
Q16539,295,4
Q16539,45,4
Q16539,53,1
Q16539,54,2
Q16539,66,2
Q16539,76,0
Q16539,79,3
Q16539,338,0
Q16539,121,0
Q16539,233,3
Q16539,118,4
Q16539,248,2
Q16539,249,0
P00533,129,0
P00533,642,0
P00533,133,4
P00533,261,0
P00533,1160,0
P00533,396,4
P00533,399,0
P00533,913,0
P00533,538,3
P00533,1179,3
P00533,284,0
P00533,28,0
P00533,29,1
P00533,1182,3
P00533,929,4
P00533,676,0
P00533,37,0
P00533,293,2
P00533,294,0
P00533,806,0
P00533,1061,4
P00533,1188,3
P00533,431,0
P00533,949,0
P00533,823,0
P00533,189,0
P00533,960,4
P00533,708,4
P00533,325,0
P00533,454,4
P00533,327,0
P00533,328,0
P00533,713,0
P00533,714,0
P00533,970,4
P00533,716,4
P00533,1099,0
P00533,846,4
P00533,335,0
P00533,80,0
P00533,209,0
P00533,593,0
P00533,467,0
P00533,212,3
P00533,852,4
P00533,728,2
P00533,346,0
P00533,860,4
P00533,478,0
P00533,479,2
P00533,609,0
P00533,226,0
P00533,737,4
P00533,739,4
P00533,357,2
P00533,867,4
P00533,487,4
P00533,360,0
P00533,489,0
P00533,745,4
P00533,875,4
P00533,879,1
P00533,754,4
P00533,500,0
P00533,757,4
P00533,253,0
P11474,129,1
P11474,138,1
P11474,394,0
P11474,14,1
P11474,146,0
P11474,403,1
P11474,407,2
P11474,24,0
P11474,412,0
P11474,160,1
P11474,162,1
P11474,51,1
P11474,189,1
P11474,68,3
P11474,330,0
P11474,76,0
P11474,208,0
P11474,100,0
P11474,104,0
P11474,244,0
P11474,125,0
P10276,128,0
P10276,134,2
P10276,262,0
P10276,390,0
P10276,399,1
P10276,147,0
P10276,155,0
P10276,164,0
P10276,165,0
P10276,166,1
P10276,167,0
P10276,171,2
P10276,190,4
P10276,193,0
P10276,207,2
P10276,86,0
P10276,94,0
P10276,227,0
P10276,360,0
P10276,234,2
P10276,109,0
P10276,238,0
P10276,365,0
P10276,244,0
P10276,118,2
P10276,376,0
P10276,380,0
O60674,1030,0
O60674,539,0
O60674,1053,0
O60674,1055,0
O60674,33,0
O60674,1069,0
O60674,558,0
O60674,49,0
O60674,561,0
O60674,1083,0
O60674,581,0
O60674,73,0
O60674,585,0
O60674,603,0
O60674,607,0
O60674,630,0
O60674,639,0
O60674,640,0
O60674,642,0
O60674,650,0
O60674,655,0
O60674,677,0
O60674,167,0
O60674,688,0
O60674,696,0
O60674,191,0
O60674,709,2
O60674,207,0
O60674,212,0
O60674,728,3
O60674,217,0
O60674,736,0
O60674,227,0
O60674,752,0
O60674,244,0
O60674,762,4
O60674,251,0
O60674,253,0
O60674,776,0
O60674,269,0
O60674,273,0
O60674,302,0
O60674,304,0
O60674,329,0
O60674,850,0
O60674,857,0
O60674,346,0
O60674,350,0
O60674,882,2
O60674,883,3
O60674,385,0
O60674,903,4
O60674,912,0
O60674,914,0
O60674,412,0
O60674,414,0
O60674,415,0
O60674,926,0
O60674,430,0
O60674,943,0
O60674,945,0
O60674,434,0
O60674,952,0
O60674,450,0
O60674,962,0
O60674,456,0
O60674,970,0
O60674,468,0
O60674,469,2
O60674,475,0
O60674,991,0
O60674,999,3
O60674,1005,0
O60674,497,0
O60674,1009,0
O60674,1011,3
O60674,502,0
O60674,504,0
O60674,506,0
P68400,260,4
P68400,142,0
P68400,279,0
P68400,158,4
P68400,170,0
P68400,44,0
P68400,303,2
P68400,49,3
P68400,64,2
P68400,68,3
P68400,198,0
P68400,71,2
P68400,329,4
P68400,74,2
P68400,75,0
P68400,76,0
P68400,77,0
P68400,79,0
P68400,83,2
P68400,229,3
P68400,102,4
P68400,247,4
P68400,122,4
O60885,519,1
O60885,1035,0
O60885,535,0
O60885,537,0
O60885,538,0
O60885,539,0
O60885,1050,1
O60885,541,0
O60885,543,0
O60885,544,0
O60885,546,0
O60885,547,0
O60885,548,0
O60885,550,0
O60885,552,0
O60885,554,0
O60885,561,0
O60885,562,0
O60885,564,0
O60885,566,0
O60885,55,0
O60885,57,0
O60885,571,0
O60885,572,0
O60885,574,0
O60885,575,0
O60885,1092,0
O60885,1093,0
O60885,72,0
O60885,585,1
O60885,586,0
O60885,76,0
O60885,592,0
O60885,594,0
O60885,1111,2
O60885,1114,1
O60885,91,0
O60885,606,0
O60885,608,0
O60885,99,4
O60885,102,2
O60885,615,0
O60885,111,2
O60885,112,0
O60885,624,2
O60885,1135,0
O60885,629,3
O60885,1141,0
O60885,1153,1
O60885,645,2
O60885,141,0
O60885,660,3
O60885,1177,1
O60885,155,0
O60885,1179,0
O60885,1181,0
O60885,160,2
O60885,1185,0
O60885,677,0
O60885,678,0
O60885,1191,1
O60885,680,0
O60885,1192,0
O60885,1195,0
O60885,685,2
O60885,1197,1
O60885,177,3
O60885,694,2
O60885,184,0
O60885,696,1
O60885,1208,1
O60885,190,0
O60885,1218,2
O60885,1234,0
O60885,724,0
O60885,726,0
O60885,727,0
O60885,728,0
O60885,1239,0
O60885,1242,0
O60885,736,0
O60885,737,0
O60885,1250,1
O60885,1252,0
O60885,794,0
O60885,283,0
O60885,285,0
O60885,286,0
O60885,289,0
O60885,291,0
O60885,1330,0
O60885,314,0
O60885,317,2
O60885,329,1
O60885,332,0
O60885,333,2
O60885,346,2
O60885,349,3
O60885,355,0
O60885,362,0
O60885,367,0
O60885,368,0
O60885,883,0
O60885,378,0
O60885,395,0
O60885,404,3
O60885,406,0
O60885,937,0
O60885,431,2
O60885,949,0
O60885,445,0
O60885,456,2
O60885,478,0
P31750,385,0
P31750,386,0
P31750,8,0
P31750,140,0
P31750,268,0
P31750,14,1
P31750,142,0
P31750,400,0
P31750,20,1
P31750,276,0
P31750,154,0
P31750,284,4
P31750,158,0
P31750,30,0
P31750,289,0
P31750,163,0
P31750,419,0
P31750,420,0
P31750,39,0
P31750,168,0
P31750,297,0
P31750,170,0
P31750,426,0
P31750,301,0
P31750,179,0
P31750,307,0
P31750,182,0
P31750,183,0
P31750,189,0
P31750,64,0
P31750,214,0
P31750,356,0
P31750,111,0
P31750,377,0
Q9UHD2,646,3
Q9UHD2,137,4
Q9UHD2,396,4
Q9UHD2,401,4
Q9UHD2,661,4
Q9UHD2,154,4
Q9UHD2,29,0
Q9UHD2,30,4
Q9UHD2,670,4
Q9UHD2,416,0
Q9UHD2,545,3
Q9UHD2,291,0
Q9UHD2,38,0
Q9UHD2,551,0
Q9UHD2,691,2
Q9UHD2,692,2
Q9UHD2,694,4
Q9UHD2,567,0
Q9UHD2,568,0
Q9UHD2,441,0
Q9UHD2,570,0
Q9UHD2,60,2
Q9UHD2,61,0
Q9UHD2,702,3
Q9UHD2,192,0
Q9UHD2,65,3
Q9UHD2,323,0
Q9UHD2,196,0
Q9UHD2,69,0
Q9UHD2,197,0
Q9UHD2,451,0
Q9UHD2,584,4
Q9UHD2,587,0
Q9UHD2,460,2
Q9UHD2,461,0
Q9UHD2,589,2
Q9UHD2,82,0
Q9UHD2,596,2
Q9UHD2,341,0
Q9UHD2,344,0
Q9UHD2,477,0
Q9UHD2,607,3
Q9UHD2,480,0
Q9UHD2,608,2
Q9UHD2,484,0
Q9UHD2,231,3
Q9UHD2,487,3
Q9UHD2,615,3
Q9UHD2,236,3
Q9UHD2,622,0
Q9UHD2,241,4
Q9UHD2,372,4
Q9UHD2,628,0
Q9UHD2,504,4
Q9UHD2,251,0
P56273,130,0
P56273,132,0
P56273,139,0
P56273,400,0
P56273,148,0
P56273,405,0
P56273,22,0
P56273,156,0
P56273,35,0
P56273,295,0
P56273,41,0
P56273,428,0
P56273,47,0
P56273,176,0
P56273,179,0
P56273,60,0
P56273,318,0
P56273,448,0
P56273,449,0
P56273,66,0
P56273,451,0
P56273,452,0
P56273,327,0
P56273,455,0
P56273,333,0
P56273,335,0
P56273,90,0
P56273,351,0
P56273,352,0
P56273,354,0
P56273,109,0
P56273,365,0
P56273,366,0
P56273,125,0
Q92769,9,0
Q92769,10,0
Q92769,11,0
Q92769,144,2
Q92769,145,0
Q92769,404,0
Q92769,280,4
Q92769,284,4
Q92769,413,0
Q92769,32,1
Q92769,290,0
Q92769,166,0
Q92769,51,3
Q92769,439,3
Q92769,440,0
Q92769,59,4
Q92769,443,0
Q92769,444,0
Q92769,67,4
Q92769,451,2
Q92769,452,2
Q92769,201,4
Q92769,457,0
Q92769,75,4
Q92769,458,1
Q92769,462,1
Q92769,466,0
Q92769,468,0
Q92769,343,0
Q92769,90,4
Q92769,219,3
Q92769,474,0
Q92769,221,4
Q92769,478,1
Q92769,481,4
Q92769,362,4
Q92769,364,0
Q92769,243,4
Q92769,248,0
Q92769,124,3
Q9UM73,128,0
Q9UM73,1410,0
Q9UM73,643,0
Q9UM73,1285,0
Q9UM73,134,0
Q9UM73,1416,0
Q9UM73,139,0
Q9UM73,651,0
Q9UM73,1294,0
Q9UM73,911,0
Q9UM73,912,0
Q9UM73,767,0
Q9UM73,1173,0
Q9UM73,662,0
Q9UM73,1431,0
Q9UM73,792,0
Q9UM73,665,0
Q9UM73,1150,0
Q9UM73,1309,0
Q9UM73,1567,0
Q9UM73,544,0
Q9UM73,1062,0
Q9UM73,423,0
Q9UM73,1451,0
Q9UM73,1454,0
Q9UM73,1455,0
Q9UM73,434,0
Q9UM73,52,0
Q9UM73,1205,0
Q9UM73,1333,0
Q9UM73,1079,0
Q9UM73,313,0
Q9UM73,1082,0
Q9UM73,572,0
Q9UM73,829,0
Q9UM73,575,0
Q9UM73,831,0
Q9UM73,193,0
Q9UM73,194,0
Q9UM73,1352,0
Q9UM73,330,0
Q9UM73,971,0
Q9UM73,1610,0
Q9UM73,1101,0
Q9UM73,1612,0
Q9UM73,81,0
Q9UM73,721,0
Q9UM73,1491,0
Q9UM73,852,0
Q9UM73,1109,3
Q9UM73,982,0
Q9UM73,727,0
Q9UM73,473,0
Q9UM73,1114,2
Q9UM73,1498,0
Q9UM73,745,0
Q9UM73,1514,0
Q9UM73,1003,0
Q9UM73,748,0
Q9UM73,1517,0
Q9UM73,1518,0
Q9UM73,1267,3
Q9UM73,1524,0
Q9UM73,1525,0
Q9UM73,250,0
Q9UM73,507,0
Q9UM73,894,0
Q9UM73,383,0
Q12834,129,4
Q12834,259,4
Q12834,136,4
Q12834,149,4
Q12834,155,4
Q12834,412,0
Q12834,31,0
Q12834,33,0
Q12834,163,0
Q12834,429,0
Q12834,435,4
Q12834,440,4
Q12834,62,4
Q12834,66,4
Q12834,73,4
Q12834,97,4
Q12834,485,4
Q12834,359,0
Q12834,490,4
Q12834,236,0
Q12834,109,2
Q12834,110,0
Q12834,114,3
Q06187,129,0
Q06187,257,0
Q06187,515,0
Q06187,645,0
Q06187,12,0
Q06187,141,0
Q06187,400,0
Q06187,17,0
Q06187,18,0
Q06187,19,0
Q06187,406,0
Q06187,536,0
Q06187,26,0
Q06187,27,0
Q06187,284,0
Q06187,160,0
Q06187,417,0
Q06187,36,0
Q06187,420,0
Q06187,296,0
Q06187,300,0
Q06187,430,0
Q06187,558,0
Q06187,176,0
Q06187,433,0
Q06187,52,0
Q06187,53,0
Q06187,183,0
Q06187,311,0
Q06187,185,0
Q06187,186,0
Q06187,314,0
Q06187,60,0
Q06187,573,0
Q06187,447,0
Q06187,577,0
Q06187,322,0
Q06187,71,0
Q06187,199,0
Q06187,200,0
Q06187,456,0
Q06187,466,0
Q06187,595,0
Q06187,217,0
Q06187,218,0
Q06187,349,0
Q06187,237,0
Q06187,625,0
Q06187,374,0
Q06187,503,0
Q06187,122,0
Q06187,637,0
Q06187,382,0
P09874,512,2
P09874,518,3
P09874,7,1
P09874,521,1
P09874,524,0
P09874,15,4
P09874,528,3
P09874,22,1
P09874,23,4
P09874,30,4
P09874,548,4
P09874,551,0
P09874,47,0
P09874,564,3
P09874,59,0
P09874,571,4
P09874,579,4
P09874,84,4
P09874,86,0
P09874,87,4
P09874,600,4
P09874,607,2
P09874,97,4
P09874,616,3
P09874,105,2
P09874,108,3
P09874,621,4
P09874,629,4
P09874,119,4
P09874,633,3
P09874,636,0
P09874,637,4
P09874,126,0
P09874,131,2
P09874,134,0
P09874,141,0
P09874,142,1
P09874,653,4
P09874,654,4
P09874,148,4
P09874,662,4
P09874,664,3
P09874,667,3
P09874,674,0
P09874,165,4
P09874,683,4
P09874,684,0
P09874,182,2
P09874,695,2
P09874,700,2
P09874,703,0
P09874,192,3
P09874,196,1
P09874,197,4
P09874,203,3
P09874,207,0
P09874,209,4
P09874,221,3
P09874,222,0
P09874,223,0
P09874,225,0
P09874,226,0
P09874,228,0
P09874,230,0
P09874,233,0
P09874,747,2
P09874,236,0
P09874,748,4
P09874,239,4
P09874,249,4
P09874,761,1
P09874,253,0
P09874,254,4
P09874,262,4
P09874,269,4
P09874,787,4
P09874,796,4
P09874,798,0
P09874,802,4
P09874,816,0
P09874,305,0
P09874,819,4
P09874,320,4
P09874,324,2
P09874,838,4
P09874,331,4
P09874,337,4
P09874,849,0
P09874,852,2
P09874,346,0
P09874,347,0
P09874,349,0
P09874,351,0
P09874,352,0
P09874,893,3
P09874,388,0
P09874,903,0
P09874,394,0
P09874,400,4
P09874,405,0
P09874,409,2
P09874,414,3
P09874,418,4
P09874,933,0
P09874,425,4
P09874,940,4
P09874,943,0
P09874,433,2
P09874,434,0
P09874,945,0
P09874,949,4
P09874,438,0
P09874,441,0
P09874,442,0
P09874,953,0
P09874,447,4
P09874,467,2
P09874,486,4
P09874,1000,0
P09874,1004,0
P09874,1006,0
P09874,498,3
P09874,1010,3
P09874,505,2
P09874,506,0
P09874,508,0
P36888,513,0
P36888,132,0
P36888,388,0
P36888,644,0
P36888,263,0
P36888,647,0
P36888,649,0
P36888,772,0
P36888,395,0
P36888,900,0
P36888,907,0
P36888,273,0
P36888,405,0
P36888,663,0
P36888,410,0
P36888,797,0
P36888,34,0
P36888,290,0
P36888,932,0
P36888,805,0
P36888,41,0
P36888,429,0
P36888,175,0
P36888,49,0
P36888,565,0
P36888,438,0
P36888,567,0
P36888,568,0
P36888,823,0
P36888,826,0
P36888,706,0
P36888,709,0
P36888,334,0
P36888,207,0
P36888,719,0
P36888,465,0
P36888,466,0
P36888,853,0
P36888,470,0
P36888,215,0
P36888,216,0
P36888,602,0
P36888,347,0
P36888,219,0
P36888,868,0
P36888,486,0
P36888,614,0
P36888,490,0
P36888,108,0
P36888,623,0
P36888,374,0
P36888,634,0
P36888,508,0
O43924,4,0
O43924,132,0
O43924,73,2
O43924,79,0
O43924,16,0
O43924,51,0
O43924,52,0
O43924,83,0
O43924,55,0
O43924,57,0
O43924,29,4
Q06124,129,0
Q06124,131,4
Q06124,260,3
Q06124,389,3
Q06124,266,0
Q06124,274,0
Q06124,402,0
Q06124,276,0
Q06124,405,0
Q06124,534,2
Q06124,280,3
Q06124,536,2
Q06124,538,4
Q06124,157,1
Q06124,546,0
Q06124,35,0
Q06124,164,0
Q06124,166,0
Q06124,178,0
Q06124,55,0
Q06124,317,0
Q06124,445,0
Q06124,322,0
Q06124,324,0
Q06124,325,0
Q06124,70,1
Q06124,198,2
Q06124,199,0
Q06124,590,4
Q06124,213,3
Q06124,89,0
Q06124,91,3
Q06124,482,1
Q06124,99,0
Q06124,358,0
Q06124,235,3
Q06124,364,0
Q06124,492,0
Q06124,366,0
Q06124,369,0
Q06124,242,3
Q06124,244,3
Q06124,120,2
Q06124,378,0
Q06124,124,2
Q9H8M2,512,1
Q9H8M2,513,3
Q9H8M2,3,0
Q9H8M2,4,0
Q9H8M2,6,0
Q9H8M2,7,0
Q9H8M2,9,0
Q9H8M2,267,0
Q9H8M2,268,0
Q9H8M2,270,0
Q9H8M2,271,0
Q9H8M2,529,3
Q9H8M2,402,0
Q9H8M2,22,1
Q9H8M2,26,4
Q9H8M2,155,0
Q9H8M2,29,0
Q9H8M2,33,0
Q9H8M2,430,0
Q9H8M2,178,0
Q9H8M2,437,0
Q9H8M2,438,4
Q9H8M2,187,0
Q9H8M2,189,0
Q9H8M2,64,0
Q9H8M2,66,0
Q9H8M2,67,0
Q9H8M2,68,0
Q9H8M2,69,0
Q9H8M2,70,0
Q9H8M2,71,0
Q9H8M2,72,0
Q9H8M2,73,0
Q9H8M2,196,0
Q9H8M2,202,3
Q9H8M2,76,0
Q9H8M2,327,0
Q9H8M2,78,1
Q9H8M2,206,0
Q9H8M2,460,3
Q9H8M2,468,1
Q9H8M2,322,0
Q9H8M2,596,0
Q9H8M2,87,0
Q9H8M2,89,0
Q9H8M2,474,0
Q9H8M2,92,0
Q9H8M2,93,0
Q9H8M2,95,0
Q9H8M2,224,0
Q9H8M2,227,0
Q9H8M2,228,1
Q9H8M2,362,1
Q9H8M2,235,1
Q9H8M2,493,0
Q9H8M2,239,0
Q9H8M2,114,0
Q9H8M2,115,1
Q9H8M2,373,4
Q9H8M2,379,0
Q9H8M2,510,1
F8W4B7,512,0
F8W4B7,131,0
F8W4B7,901,0
F8W4B7,518,0
F8W4B7,8,0
F8W4B7,265,0
F8W4B7,776,0
F8W4B7,906,0
F8W4B7,653,0
F8W4B7,142,0
F8W4B7,399,0
F8W4B7,658,0
F8W4B7,147,0
F8W4B7,403,0
F8W4B7,21,0
F8W4B7,916,0
F8W4B7,24,0
F8W4B7,25,0
F8W4B7,413,0
F8W4B7,288,0
F8W4B7,33,0
F8W4B7,672,0
F8W4B7,1059,0
F8W4B7,40,0
F8W4B7,937,0
F8W4B7,1065,0
F8W4B7,813,0
F8W4B7,174,0
F8W4B7,815,0
F8W4B7,1072,0
F8W4B7,817,0
F8W4B7,438,0
F8W4B7,823,0
F8W4B7,57,0
F8W4B7,825,0
F8W4B7,59,0
F8W4B7,826,0
F8W4B7,577,0
F8W4B7,198,0
F8W4B7,330,0
F8W4B7,217,0
F8W4B7,348,0
F8W4B7,882,0
F8W4B7,884,0
F8W4B7,1016,0
F8W4B7,506,0
F8W4B7,124,0
O43353,384,0
O43353,513,0
O43353,17,0
O43353,148,0
O43353,410,4
O43353,538,4
O43353,285,0
O43353,161,0
O43353,169,3
O43353,47,0
O43353,182,2
O43353,311,0
O43353,310,0
O43353,313,0
O43353,443,0
O43353,61,0
O43353,326,0
O43353,327,0
O43353,72,0
O43353,328,0
O43353,203,4
O43353,209,4
O43353,471,3
O43353,480,4
O43353,226,0
O43353,486,0
O43353,110,0
O43353,503,4
O43353,376,3
O43353,508,0
O43353,510,0
Q9NZQ7,129,0
Q9NZQ7,263,0
Q9NZQ7,136,0
Q9NZQ7,270,0
Q9NZQ7,271,0
Q9NZQ7,280,0
Q9NZQ7,281,0
Q9NZQ7,25,0
Q9NZQ7,162,0
Q9NZQ7,41,0
Q9NZQ7,46,0
Q9NZQ7,178,0
Q9NZQ7,185,0
Q9NZQ7,189,0
Q9NZQ7,62,0
Q9NZQ7,75,0
Q9NZQ7,89,0
Q9NZQ7,105,0
Q9NZQ7,124,0
Q00534,160,3
Q00534,257,4
Q00534,34,2
Q00534,3,4
Q00534,230,4
Q00534,264,4
Q00534,43,0
Q00534,111,4
Q00534,274,4
Q00534,147,4
Q00534,93,3
Q00534,307,4
Q00534,279,4
Q00534,216,0
Q00534,26,4
Q00534,123,3
Q00534,29,3
Q00534,287,4
P40337,171,4
P40337,196,4
P40337,159,3
Q14289,640,4
Q14289,518,0
Q14289,646,0
Q14289,775,0
Q14289,522,0
Q14289,12,0
Q14289,911,0
Q14289,145,3
Q14289,535,0
Q14289,919,0
Q14289,284,0
Q14289,801,3
Q14289,35,3
Q14289,803,0
Q14289,295,3
Q14289,169,0
Q14289,42,0
Q14289,810,0
Q14289,813,0
Q14289,303,2
Q14289,687,0
Q14289,944,4
Q14289,564,4
Q14289,948,0
Q14289,54,2
Q14289,57,0
Q14289,827,0
Q14289,188,3
Q14289,60,0
Q14289,956,3
Q14289,703,2
Q14289,448,3
Q14289,451,0
Q14289,197,2
Q14289,198,4
Q14289,581,4
Q14289,838,0
Q14289,457,3
Q14289,460,0
Q14289,461,0
Q14289,206,0
Q14289,334,0
Q14289,590,3
Q14289,716,0
Q14289,721,0
Q14289,845,0
Q14289,468,0
Q14289,973,3
Q14289,470,0
Q14289,216,2
Q14289,858,0
Q14289,988,0
Q14289,734,0
Q14289,223,0
Q14289,95,0
Q14289,225,0
Q14289,98,0
Q14289,479,2
Q14289,229,0
Q14289,998,0
Q14289,488,0
Q14289,623,0
Q14289,368,0
Q14289,372,0
Q14289,117,0
Q14289,632,0
Q14289,249,0
Q14289,895,0
Q9NWZ3,130,0
Q9NWZ3,3,0
Q9NWZ3,400,0
Q9NWZ3,21,0
Q9NWZ3,408,2
Q9NWZ3,156,0
Q9NWZ3,416,2
Q9NWZ3,33,2
Q9NWZ3,34,1
Q9NWZ3,290,0
Q9NWZ3,417,0
Q9NWZ3,40,0
Q9NWZ3,41,0
Q9NWZ3,174,0
Q9NWZ3,440,0
Q9NWZ3,313,3
Q9NWZ3,441,0
Q9NWZ3,443,0
Q9NWZ3,191,2
Q9NWZ3,64,0
Q9NWZ3,448,0
Q9NWZ3,449,0
Q9NWZ3,326,3
Q9NWZ3,202,0
Q9NWZ3,338,2
Q9NWZ3,213,2
Q9NWZ3,214,0
Q9NWZ3,227,0
Q9NWZ3,107,0
Q9NWZ3,235,0
Q9NWZ3,239,0
Q9NWZ3,367,0
Q9NWZ3,115,0
Q9NWZ3,123,0
P30291,399,3
P30291,404,0
P30291,24,0
P30291,282,0
P30291,547,0
P30291,292,4
P30291,428,1
P30291,304,4
P30291,177,0
P30291,181,0
P30291,565,0
P30291,315,0
P30291,318,0
P30291,575,0
P30291,192,3
P30291,197,0
P30291,328,0
P30291,456,2
P30291,331,0
P30291,332,1
P30291,460,3
P30291,588,2
P30291,207,4
P30291,590,2
P30291,596,2
P30291,599,0
P30291,600,0
P30291,219,3
P30291,605,0
P30291,222,0
P30291,497,0
P30291,635,0
P30291,636,0
P30291,126,0
P30291,255,0
P01116,128,4
P01116,101,0
P01116,5,0
P01116,104,3
P01116,169,0
P01116,42,0
P01116,170,4
P01116,173,0
P01116,16,0
P01116,176,0
P01116,147,4
P01116,117,4
P01116,182,1
P01116,88,0
P01116,185,1
P01116,184,1
P14902,257,0
P14902,389,0
P14902,135,0
P14902,136,0
P14902,137,0
P14902,13,0
P14902,141,0
P14902,397,0
P14902,401,0
P14902,161,0
P14902,44,0
P14902,179,0
P14902,186,0
P14902,61,0
P14902,323,0
P14902,198,0
P14902,74,0
P14902,209,0
P14902,337,0
P14902,94,0
P14902,224,0
P14902,352,0
P14902,101,0
P14902,363,0
P14902,238,0
P14902,366,0
P14902,116,0
P14902,117,0
P14902,373,0
P14902,377,0
O75530,385,2
O75530,261,0
O75530,268,1
O75530,398,2
O75530,400,0
O75530,19,1
O75530,20,1
O75530,275,3
O75530,22,0
O75530,408,0
O75530,284,4
O75530,293,2
O75530,184,2
O75530,66,1
O75530,322,0
O75530,197,4
O75530,70,0
O75530,72,0
O75530,74,0
O75530,76,0
O75530,77,0
O75530,332,3
O75530,79,0
O75530,335,2
O75530,83,3
O75530,211,4
O75530,342,1
O75530,344,4
O75530,89,0
O75530,106,0
O75530,375,0
O75530,250,0
P41182,262,0
P41182,391,0
P41182,646,0
P41182,137,1
P41182,656,0
P41182,534,1
P41182,662,0
P41182,282,1
P41182,670,0
P41182,544,0
P41182,547,0
P41182,680,0
P41182,298,0
P41182,301,0
P41182,430,0
P41182,47,0
P41182,558,0
P41182,688,3
P41182,565,0
P41182,572,1
P41182,704,0
P41182,66,0
P41182,326,0
P41182,590,0
P41182,336,0
P41182,600,1
P41182,474,0
P41182,603,0
P41182,351,0
P41182,226,0
P41182,123,0
P41182,365,2
P41182,371,0
P41182,628,0
P41182,376,0
P41182,377,0
P41182,379,1
P41182,126,1
P51531,1536,0
P51531,1538,0
P51531,516,0
P51531,1540,0
P51531,1543,0
P51531,1544,0
P51531,521,0
P51531,522,0
P51531,1547,0
P51531,1551,0
P51531,1553,0
P51531,1555,0
P51531,1556,0
P51531,1562,0
P51531,1051,3
P51531,1564,0
P51531,548,0
P51531,1061,0
P51531,554,0
P51531,556,0
P51531,557,0
P51531,558,0
P51531,563,0
P51531,564,0
P51531,565,0
P51531,75,0
P51531,1101,0
P51531,83,0
P51531,596,0
P51531,1110,0
P51531,1111,0
P51531,604,2
P51531,95,0
P51531,613,0
P51531,659,0
P51531,1183,3
P51531,672,3
P51531,675,3
P51531,1189,3
P51531,1191,0
P51531,682,0
P51531,1197,4
P51531,1207,4
P51531,190,2
P51531,714,0
P51531,209,0
P51531,725,0
P51531,755,0
P51531,1269,0
P51531,1271,0
P51531,770,1
P51531,1286,4
P51531,277,0
P51531,1302,4
P51531,794,0
P51531,801,2
P51531,805,0
P51531,1323,4
P51531,822,0
P51531,1344,0
P51531,1345,0
P51531,835,0
P51531,324,0
P51531,837,0
P51531,1347,0
P51531,842,0
P51531,1354,0
P51531,333,4
P51531,846,0
P51531,1358,0
P51531,1363,0
P51531,1365,0
P51531,1366,0
P51531,857,0
P51531,862,0
P51531,1375,0
P51531,1382,0
P51531,1385,0
P51531,1398,0
P51531,887,0
P51531,375,2
P51531,381,2
P51531,1405,0
P51531,904,0
P51531,1434,4
P51531,413,2
P51531,416,0
P51531,419,0
P51531,1445,0
P51531,1450,0
P51531,1451,0
P51531,940,0
P51531,1453,0
P51531,431,0
P51531,434,0
P51531,1460,0
P51531,437,1
P51531,951,0
P51531,952,2
P51531,443,0
P51531,1469,0
P51531,447,1
P51531,961,2
P51531,967,3
P51531,460,0
P51531,463,0
P51531,975,0
P51531,472,0
P51531,984,0
P51531,475,0
P51531,1500,0
P51531,478,0
P51531,1505,0
P51531,994,2
P51531,996,0
P51531,997,1
P51531,1508,0
P51531,999,1
P51531,1003,0
P51531,492,0
P51531,493,0
P51531,500,0
P51531,1014,0
P51531,1533,0
P40763,642,3
P40763,517,0
P40763,392,0
P40763,140,2
P40763,658,0
P40763,531,0
P40763,153,0
P40763,282,0
P40763,283,3
P40763,409,0
P40763,161,4
P40763,290,4
P40763,163,3
P40763,548,1
P40763,294,4
P40763,551,3
P40763,679,2
P40763,557,0
P40763,685,3
P40763,49,1
P40763,177,4
P40763,180,4
P40763,573,0
P40763,318,4
P40763,574,0
P40763,451,0
P40763,707,4
P40763,709,0
P40763,199,0
P40763,591,0
P40763,340,0
P40763,87,4
P40763,601,3
P40763,348,4
P40763,97,4
P40763,354,3
P40763,615,3
P40763,488,0
P40763,233,0
P40763,363,4
P40763,365,0
P40763,495,2
P40763,370,4
P40763,626,4
P40763,244,4
P40763,631,4
P40763,383,4
P10415,17,0
P10415,218,0
P10415,22,0
P10415,239,0
P08581,512,0
P08581,2,0
P08581,27,2
P08581,32,3
P08581,544,0
P08581,40,0
P08581,567,0
P08581,1103,0
P08581,80,0
P08581,1104,3
P08581,595,2
P08581,85,3
P08581,1110,3
P08581,599,0
P08581,600,0
P08581,104,3
P08581,1132,0
P08581,623,3
P08581,113,0
P08581,632,0
P08581,1161,4
P08581,665,0
P08581,1179,4
P08581,1190,4
P08581,1193,4
P08581,1198,0
P08581,1199,0
P08581,183,0
P08581,695,3
P08581,700,0
P08581,189,4
P08581,1215,3
P08581,1219,4
P08581,1232,4
P08581,723,0
P08581,725,0
P08581,1240,4
P08581,220,0
P08581,1244,3
P08581,223,2
P08581,1248,4
P08581,1259,4
P08581,751,4
P08581,1263,0
P08581,248,0
P08581,765,4
P08581,1318,3
P08581,1323,0
P08581,303,0
P08581,816,3
P08581,305,0
P08581,306,0
P08581,818,0
P08581,310,0
P08581,311,0
P08581,829,0
P08581,324,2
P08581,842,0
P08581,846,0
P08581,1360,0
P08581,861,0
P08581,350,0
P08581,871,4
P08581,876,0
P08581,368,3
P08581,880,0
P08581,376,3
P08581,380,0
P08581,902,0
P08581,912,3
P08581,922,0
P08581,956,0
P08581,957,0
P08581,447,0
P08581,959,4
P08581,962,4
P08581,508,0
P08581,509,0
